{
"type": "FeatureCollection",
"name": "gzm_hex_boundary_1000m",
"crs": { "type": "name", "properties": { "name": "urn:ogc:def:crs:OGC:1.3:CRS84" } },
"xy_coordinate_resolution": 1e-15,
"features": [
{ "type": "Feature", "properties": { "id": 13, "left": 454001.69550257776, "top": 284785.52793201152, "right": 455156.39604095696, "bottom": 283785.52793201152, "row_index": 12, "col_index": 0 }, "geometry": { "type": "MultiPolygon", "coordinates": [ [ [ [ 18.431587911927124, 50.248867990818759 ], [ 18.427484063363583, 50.253346068769332 ], [ 18.431480874400361, 50.257863906544848 ], [ 18.427376235952728, 50.262341971102323 ], [ 18.431373782572795, 50.266859808104087 ], [ 18.427268353836201, 50.271337859266474 ], [ 18.431266636408509, 50.275855695497192 ], [ 18.427160416977799, 50.280333733262488 ], [ 18.431159435871528, 50.284851568724903 ], [ 18.427052425341287, 50.289329593091125 ], [ 18.431052180925867, 50.293847427787959 ], [ 18.426944378890408, 50.298325438753089 ], [ 18.430944871535498, 50.302843272687092 ], [ 18.426836277588851, 50.307321270249119 ], [ 18.430837507664368, 50.311839103423047 ], [ 18.426728121400291, 50.316317087579975 ], [ 18.430730089276373, 50.320834919996528 ], [ 18.426619910288359, 50.32531289074636 ], [ 18.430622616335398, 50.329830722408303 ], [ 18.426511644216664, 50.334308679749029 ], [ 18.430515088805283, 50.338826510659118 ], [ 18.426403323148765, 50.343304454588704 ], [ 18.430407506649836, 50.347822284749682 ], [ 18.426294947048198, 50.352300215266155 ], [ 18.430299869832833, 50.356818044680757 ], [ 18.42618651587847, 50.361295961782083 ], [ 18.43019217831802, 50.365813790453103 ], [ 18.426078029603048, 50.370291694137258 ], [ 18.430084432069105, 50.37480952206743 ], [ 18.425969488185363, 50.379287412332417 ], [ 18.429976631049762, 50.383805239524499 ], [ 18.425860891588819, 50.388283116368306 ], [ 18.429868775223643, 50.392800942825055 ], [ 18.425752239776781, 50.397278806245673 ], [ 18.429760864554346, 50.401796631969866 ], [ 18.425643532712588, 50.406274481965248 ], [ 18.429652899005461, 50.410792306959635 ], [ 18.42553477035954, 50.415270143527799 ], [ 18.429544878540522, 50.419787967795152 ], [ 18.425425952680904, 50.424265790934079 ], [ 18.429436803123046, 50.428783614477162 ], [ 18.425317079639914, 50.433261424184828 ], [ 18.429328672716508, 50.437779247006418 ], [ 18.437460787179198, 50.437818843816096 ], [ 18.44147392131563, 50.442336249479567 ], [ 18.449606833438086, 50.442375000041153 ], [ 18.453621509044346, 50.446891988208861 ], [ 18.461755218452254, 50.446929892246011 ], [ 18.465872710505071, 50.442450796073828 ], [ 18.461857238005457, 50.437934224626488 ], [ 18.465973933556981, 50.433455115436644 ], [ 18.461959205668727, 50.428938542873546 ], [ 18.466075105128038, 50.424459420667901 ], [ 18.462061121476538, 50.419942846986409 ], [ 18.466176225252443, 50.415463711766805 ], [ 18.46216298546333, 50.410947136964303 ], [ 18.466277293964357, 50.406467988732601 ], [ 18.462264797663515, 50.401951412806469 ], [ 18.466378311297923, 50.397472251564537 ], [ 18.462366558111466, 50.392955674512137 ], [ 18.466479277287242, 50.388476500261824 ], [ 18.462468266841537, 50.383959922080543 ], [ 18.466580191966379, 50.379480734823716 ], [ 18.462569923888047, 50.374964155510945 ], [ 18.466681055369385, 50.370484955249445 ], [ 18.462671529285277, 50.365968374802556 ], [ 18.466781867530266, 50.361489161538252 ], [ 18.462773083067475, 50.356972579954636 ], [ 18.466882628483006, 50.352493353689376 ], [ 18.462874585268871, 50.347976770966426 ], [ 18.466983338261549, 50.343497531702042 ], [ 18.462976035923656, 50.338980947837172 ], [ 18.467083996899813, 50.334501695575533 ], [ 18.463077435065991, 50.329985110566099 ], [ 18.467184604431687, 50.32550584530906 ], [ 18.463178782729997, 50.320989259152483 ], [ 18.467285160891024, 50.31650998090187 ], [ 18.463280078949779, 50.31199339359555 ], [ 18.46738566631165, 50.307514102353217 ], [ 18.4633813237594, 50.302997513894546 ], [ 18.467486120727354, 50.298518209662369 ], [ 18.463482517192897, 50.294001620048739 ], [ 18.46758652417191, 50.289522302828523 ], [ 18.463583659284275, 50.285005712057369 ], [ 18.467686876679039, 50.280526381850983 ], [ 18.463684750067504, 50.276009789919705 ], [ 18.467787178282453, 50.271530446728995 ], [ 18.46378578957653, 50.267013853634971 ], [ 18.467887429015811, 50.262534497461779 ], [ 18.463886777845268, 50.25801790320245 ], [ 18.467987628912759, 50.253538534048602 ], [ 18.463987714907585, 50.249021938621389 ], [ 18.468087778006907, 50.244542556488753 ], [ 18.464088600797346, 50.240025959891049 ], [ 18.468187876331836, 50.23554656478143 ], [ 18.464189435548363, 50.231029967010677 ], [ 18.468287923921089, 50.226550558925943 ], [ 18.464290219194428, 50.222033959979541 ], [ 18.468387920808187, 50.217554538921533 ], [ 18.464390951769293, 50.213037938796909 ], [ 18.468487867026617, 50.20855850476746 ], [ 18.464491633306686, 50.204041903462041 ], [ 18.456399270412028, 50.204004322913676 ], [ 18.452301620221185, 50.208483331749832 ], [ 18.456297067601582, 50.213000346325821 ], [ 18.452198630685753, 50.217479342054027 ], [ 18.456194812982599, 50.221996355581268 ], [ 18.45209558893902, 50.226475338199599 ], [ 18.45609250652085, 50.230992350680758 ], [ 18.451992494946481, 50.23547132018733 ], [ 18.443894830265254, 50.235432851546875 ], [ 18.439793295120356, 50.239911382139127 ], [ 18.44379016003559, 50.2444288071706 ], [ 18.439687836184017, 50.248907324510526 ], [ 18.431587911927124, 50.248867990818759 ] ] ], [ [ [ 18.402957276070968, 50.271215527539056 ], [ 18.406953240564917, 50.275734191890059 ], [ 18.402844758203138, 50.280211362708052 ], [ 18.406841457838006, 50.284730026552445 ], [ 18.402732183232697, 50.289207183695098 ], [ 18.406729618377124, 50.293725847035702 ], [ 18.402619551121845, 50.298202990500904 ], [ 18.406617722144713, 50.302721653340562 ], [ 18.402506861832737, 50.307198783126182 ], [ 18.406505769103163, 50.311717445467735 ], [ 18.402394115327507, 50.316194561571692 ], [ 18.406393759214847, 50.320713223417961 ], [ 18.402281311568242, 50.325190325838122 ], [ 18.4062816924421, 50.329708987191943 ], [ 18.402168450516999, 50.334186075926212 ], [ 18.40616956874721, 50.338704736790469 ], [ 18.402055532135805, 50.3431818118367 ], [ 18.406057388092446, 50.347700472214214 ], [ 18.401942556386643, 50.352177533570313 ], [ 18.40594515044004, 50.356696193463897 ], [ 18.401829523231473, 50.361173241127759 ], [ 18.405832855752177, 50.365691900540313 ], [ 18.401716432632202, 50.370168934509799 ], [ 18.405720503991024, 50.374687593444165 ], [ 18.401603284550728, 50.379164613717144 ], [ 18.405608095118698, 50.383683272176171 ], [ 18.401490078948886, 50.388160278750554 ], [ 18.405495629097299, 50.392678936737084 ], [ 18.401376815788499, 50.39715592961074 ], [ 18.405383105888877, 50.401674587127665 ], [ 18.401263495031341, 50.406151566298448 ], [ 18.405270525455453, 50.410670223348603 ], [ 18.401150116639158, 50.415147188814423 ], [ 18.405157887759014, 50.419665845400672 ], [ 18.401036680573661, 50.424142797159405 ], [ 18.405045192761513, 50.428661453284619 ], [ 18.400923186796518, 50.433138391334104 ], [ 18.404932440424862, 50.437657047001174 ], [ 18.413064499078047, 50.437698348595866 ], [ 18.417075293729134, 50.442216587649639 ], [ 18.425208151199765, 50.442257043280783 ], [ 18.429328672716508, 50.437779247006418 ], [ 18.42531707963991, 50.433261424184828 ], [ 18.429436803123046, 50.428783614477162 ], [ 18.425425952680904, 50.424265790934079 ], [ 18.429544878540522, 50.419787967795152 ], [ 18.42553477035954, 50.415270143527799 ], [ 18.429652899005458, 50.410792306959635 ], [ 18.425643532712588, 50.406274481965248 ], [ 18.429760864554346, 50.401796631969866 ], [ 18.425752239776781, 50.397278806245673 ], [ 18.429868775223639, 50.392800942825055 ], [ 18.425860891588815, 50.388283116368306 ], [ 18.429976631049762, 50.383805239524499 ], [ 18.425969488185363, 50.379287412332417 ], [ 18.430084432069101, 50.37480952206743 ], [ 18.426078029603048, 50.370291694137258 ], [ 18.43019217831802, 50.365813790453103 ], [ 18.42618651587847, 50.361295961782083 ], [ 18.43029986983283, 50.356818044680757 ], [ 18.426294947048198, 50.352300215266155 ], [ 18.430407506649836, 50.347822284749682 ], [ 18.426403323148765, 50.343304454588704 ], [ 18.430515088805283, 50.338826510659118 ], [ 18.426511644216664, 50.334308679749029 ], [ 18.430622616335398, 50.329830722408303 ], [ 18.426619910288359, 50.32531289074636 ], [ 18.430730089276373, 50.320834919996528 ], [ 18.426728121400291, 50.316317087579975 ], [ 18.430837507664368, 50.311839103423047 ], [ 18.426836277588851, 50.307321270249119 ], [ 18.430944871535498, 50.302843272687092 ], [ 18.426944378890408, 50.298325438753089 ], [ 18.431052180925867, 50.293847427787959 ], [ 18.427052425341287, 50.289329593091125 ], [ 18.431159435871528, 50.284851568724903 ], [ 18.427160416977799, 50.280333733262488 ], [ 18.431266636408509, 50.275855695497192 ], [ 18.427268353836201, 50.271337859266474 ], [ 18.431373782572795, 50.266859808104087 ], [ 18.427376235952728, 50.262341971102323 ], [ 18.431480874400361, 50.257863906544848 ], [ 18.427484063363579, 50.253346068769332 ], [ 18.431587911927124, 50.248867990818759 ], [ 18.427591836104927, 50.24435015226674 ], [ 18.419492701327474, 50.244309978216187 ], [ 18.415388117935922, 50.248787629970899 ], [ 18.419383403892144, 50.25330588197005 ], [ 18.415278030248047, 50.257783520194778 ], [ 18.419274051013996, 50.262301771549566 ], [ 18.415167886712243, 50.266779396242249 ], [ 18.407064966595392, 50.266738343047827 ], [ 18.402957276070968, 50.271215527539056 ] ] ], [ [ [ 18.463583659284275, 50.285005712057369 ], [ 18.46758652417191, 50.289522302828523 ], [ 18.463482517192897, 50.294001620048739 ], [ 18.467486120727358, 50.298518209662369 ], [ 18.4633813237594, 50.302997513894546 ], [ 18.46738566631165, 50.307514102353217 ], [ 18.463280078949779, 50.31199339359555 ], [ 18.467285160891027, 50.31650998090187 ], [ 18.463178782729997, 50.320989259152483 ], [ 18.46718460443169, 50.32550584530906 ], [ 18.463077435065991, 50.329985110566099 ], [ 18.467083996899813, 50.334501695575533 ], [ 18.462976035923656, 50.338980947837172 ], [ 18.466983338261553, 50.343497531702042 ], [ 18.462874585268871, 50.347976770966426 ], [ 18.466882628483006, 50.352493353689376 ], [ 18.462773083067475, 50.356972579954636 ], [ 18.466781867530269, 50.361489161538252 ], [ 18.462671529285277, 50.365968374802556 ], [ 18.466681055369389, 50.370484955249445 ], [ 18.462569923888047, 50.374964155510945 ], [ 18.466580191966379, 50.379480734823716 ], [ 18.46246826684154, 50.383959922080543 ], [ 18.466479277287242, 50.388476500261824 ], [ 18.462366558111466, 50.392955674512137 ], [ 18.466378311297923, 50.397472251564537 ], [ 18.462264797663515, 50.401951412806469 ], [ 18.46627729396436, 50.406467988732601 ], [ 18.462162985463333, 50.410947136964303 ], [ 18.466176225252443, 50.415463711766805 ], [ 18.462061121476538, 50.419942846986409 ], [ 18.466075105128038, 50.424459420667901 ], [ 18.461959205668727, 50.428938542873546 ], [ 18.465973933556981, 50.433455115436644 ], [ 18.461857238005457, 50.437934224626488 ], [ 18.465872710505071, 50.442450796073828 ], [ 18.461755218452254, 50.446929892246011 ], [ 18.46577143593808, 50.451446462580215 ], [ 18.473905942256597, 50.451483519816684 ], [ 18.478022688931009, 50.447003994945959 ], [ 18.486156449478873, 50.447040193603094 ], [ 18.49027165423972, 50.442560227353539 ], [ 18.486253844501491, 50.438044490947611 ], [ 18.490368253920384, 50.433564511957748 ], [ 18.486351189986046, 50.429048774171903 ], [ 18.490464804471301, 50.424568782443494 ], [ 18.486448485965454, 50.420053043275189 ], [ 18.490561305925116, 50.415573038810003 ], [ 18.486545732472589, 50.411057298256715 ], [ 18.490657758314427, 50.406577281056492 ], [ 18.486642929540313, 50.402061539115699 ], [ 18.490754161671813, 50.397581509182196 ], [ 18.486740077201439, 50.393065765851347 ], [ 18.490850516029827, 50.388585723186324 ], [ 18.486837175488763, 50.384069978462925 ], [ 18.490946821420977, 50.37958992306811 ], [ 18.486934224435046, 50.375074176949646 ], [ 18.491043077877752, 50.370594108826793 ], [ 18.487031224073014, 50.366078361310727 ], [ 18.491139285432613, 50.361598280461585 ], [ 18.487128174435373, 50.357082531545409 ], [ 18.491235444117986, 50.35260243797174 ], [ 18.487225075554797, 50.348086687652938 ], [ 18.491331553966269, 50.343606581356461 ], [ 18.487321927463924, 50.339090829632546 ], [ 18.49142761500983, 50.33461071061501 ], [ 18.487418730195365, 50.330094957483453 ], [ 18.491523627281012, 50.325614825746626 ], [ 18.487515483781703, 50.321099071204898 ], [ 18.491619590812121, 50.316618926750515 ], [ 18.487612188255493, 50.312103170796135 ], [ 18.49171550563544, 50.307623013625914 ], [ 18.487708843649258, 50.303107256256396 ], [ 18.491811371783218, 50.298627086372107 ], [ 18.487805449995484, 50.294111327584915 ], [ 18.491907189287677, 50.289631144988284 ], [ 18.487902007326642, 50.285115384780937 ], [ 18.492002958181004, 50.280635189473713 ], [ 18.487998515675166, 50.276119427843724 ], [ 18.49209867849537, 50.271639219827634 ], [ 18.488094975073459, 50.267123456772502 ], [ 18.492194350262899, 50.262643236049293 ], [ 18.48819138555389, 50.25812747156651 ], [ 18.492289973515707, 50.253647238137916 ], [ 18.488287747148814, 50.249131472225017 ], [ 18.49238554828586, 50.244651226092785 ], [ 18.488384059890539, 50.240135458747275 ], [ 18.492481074605404, 50.235655199913118 ], [ 18.488480323811356, 50.231139431132512 ], [ 18.492576552506364, 50.226659159598171 ], [ 18.488576538943519, 50.222143389379973 ], [ 18.492671982020713, 50.21766310514721 ], [ 18.488672705319257, 50.213147333488955 ], [ 18.492767363180423, 50.208667036559461 ], [ 18.488768822970773, 50.20415126345867 ], [ 18.492862696017411, 50.199670953834193 ], [ 18.488864891930227, 50.195155179288378 ], [ 18.492957980563585, 50.190674856970674 ], [ 18.488960912229761, 50.186159080977355 ], [ 18.48087153940315, 50.186123214015936 ], [ 18.476777715401383, 50.190603111671727 ], [ 18.480773999338027, 50.195119300949116 ], [ 18.476679390554128, 50.199599185775334 ], [ 18.468587762609832, 50.199562456462978 ], [ 18.464491633306686, 50.204041903462041 ], [ 18.468487867026617, 50.20855850476746 ], [ 18.464390951769293, 50.213037938796909 ], [ 18.468387920808187, 50.217554538921533 ], [ 18.464290219194428, 50.222033959979541 ], [ 18.468287923921089, 50.226550558925943 ], [ 18.464189435548366, 50.231029967010677 ], [ 18.468187876331836, 50.23554656478143 ], [ 18.46408860079735, 50.240025959891049 ], [ 18.468087778006911, 50.244542556488753 ], [ 18.463987714907585, 50.249021938621389 ], [ 18.467987628912759, 50.253538534048602 ], [ 18.463886777845268, 50.25801790320245 ], [ 18.467887429015811, 50.262534497461779 ], [ 18.46378578957653, 50.267013853634971 ], [ 18.467787178282453, 50.271530446728995 ], [ 18.463684750067504, 50.276009789919705 ], [ 18.467686876679039, 50.280526381850983 ], [ 18.463583659284275, 50.285005712057369 ] ] ], [ [ [ 18.394511312972998, 50.298161043484122 ], [ 18.390399716801557, 50.30263774599316 ], [ 18.382290743181287, 50.302594943994087 ], [ 18.378177617724965, 50.307071205209795 ], [ 18.382174201082229, 50.311590695896854 ], [ 18.37806028101679, 50.316066943154027 ], [ 18.382057599806597, 50.320586433607559 ], [ 18.390169633549469, 50.320629262787037 ], [ 18.394168483177342, 50.325148338858696 ], [ 18.390054504284752, 50.329624999904254 ], [ 18.394054090491341, 50.334144075615903 ], [ 18.389939316542627, 50.338620722835977 ], [ 18.381824219568731, 50.338577866455658 ], [ 18.377707913226711, 50.343054071823857 ], [ 18.381707440527968, 50.347573561594508 ], [ 18.377590337943094, 50.352049752995278 ], [ 18.381590602153565, 50.356569242544161 ], [ 18.377472702916723, 50.361045419975277 ], [ 18.381473704406179, 50.365564909305355 ], [ 18.377355008107958, 50.370041072764593 ], [ 18.381356747246411, 50.374560561878823 ], [ 18.377237253477137, 50.379036711363945 ], [ 18.381239730634835, 50.383556200265261 ], [ 18.377119438984561, 50.388032335774071 ], [ 18.381122654531993, 50.392551824465436 ], [ 18.377001564590486, 50.397027945995667 ], [ 18.381005518898377, 50.401547434480044 ], [ 18.376883630255129, 50.40602354202948 ], [ 18.380888323694457, 50.410543030309817 ], [ 18.376765635938686, 50.415019123876235 ], [ 18.380771068880662, 50.419538611955495 ], [ 18.376647581601304, 50.424014691536669 ], [ 18.380653754417384, 50.428534179417817 ], [ 18.376529467203099, 50.433010245011488 ], [ 18.380536380264978, 50.437529732697499 ], [ 18.388668380757043, 50.437572739048768 ], [ 18.392791927333786, 50.433096244052493 ], [ 18.400923186796518, 50.433138391334104 ], [ 18.405045192761513, 50.428661453284619 ], [ 18.401036680573661, 50.424142797159405 ], [ 18.405157887759014, 50.419665845400672 ], [ 18.401150116639158, 50.415147188814423 ], [ 18.405270525455453, 50.410670223348603 ], [ 18.401263495031341, 50.406151566298448 ], [ 18.405383105888873, 50.401674587127665 ], [ 18.401376815788499, 50.39715592961074 ], [ 18.405495629097299, 50.392678936737084 ], [ 18.401490078948886, 50.388160278750554 ], [ 18.405608095118698, 50.383683272176171 ], [ 18.401603284550728, 50.379164613717144 ], [ 18.405720503991024, 50.374687593444165 ], [ 18.401716432632202, 50.370168934509799 ], [ 18.405832855752177, 50.365691900540313 ], [ 18.40182952323147, 50.361173241127759 ], [ 18.40594515044004, 50.356696193463897 ], [ 18.401942556386643, 50.352177533570313 ], [ 18.406057388092446, 50.347700472214214 ], [ 18.402055532135805, 50.3431818118367 ], [ 18.40616956874721, 50.338704736790469 ], [ 18.402168450516999, 50.334186075926212 ], [ 18.4062816924421, 50.329708987191943 ], [ 18.402281311568238, 50.325190325838122 ], [ 18.406393759214847, 50.320713223417961 ], [ 18.402394115327507, 50.316194561571692 ], [ 18.406505769103163, 50.311717445467735 ], [ 18.402506861832737, 50.307198783126182 ], [ 18.406617722144709, 50.302721653340562 ], [ 18.402619551121841, 50.298202990500904 ], [ 18.406729618377124, 50.293725847035702 ], [ 18.402732183232697, 50.289207183695098 ], [ 18.406841457838006, 50.284730026552445 ], [ 18.402844758203138, 50.280211362708052 ], [ 18.406953240564917, 50.275734191890059 ], [ 18.402957276070968, 50.271215527539056 ], [ 18.394853621181639, 50.271173620439953 ], [ 18.390744404066258, 50.275650364392995 ], [ 18.394739576335617, 50.280169442308043 ], [ 18.390629566608325, 50.284646172448596 ], [ 18.394625473612173, 50.28916524998921 ], [ 18.390514670866285, 50.293641966315079 ], [ 18.394511312972998, 50.298161043484122 ] ] ], [ [ [ 18.357114731297287, 50.365432816835451 ], [ 18.365234368762977, 50.365477414457104 ], [ 18.369234572801268, 50.369997318393999 ], [ 18.36511434140289, 50.374473039243739 ], [ 18.369115282680244, 50.378992943097309 ], [ 18.36499425303063, 50.383468649832885 ], [ 18.368995931917016, 50.387988553606164 ], [ 18.377119438984561, 50.388032335774071 ], [ 18.381239730634835, 50.383556200265261 ], [ 18.377237253477137, 50.379036711363945 ], [ 18.381356747246411, 50.374560561878823 ], [ 18.377355008107958, 50.370041072764593 ], [ 18.381473704406179, 50.365564909305355 ], [ 18.37747270291672, 50.361045419975277 ], [ 18.381590602153565, 50.356569242544161 ], [ 18.377590337943094, 50.352049752995278 ], [ 18.381707440527965, 50.347573561594508 ], [ 18.377707913226711, 50.343054071823857 ], [ 18.369592079713165, 50.343010359110011 ], [ 18.365474240608439, 50.347486122288579 ], [ 18.357357670964348, 50.347441552977727 ], [ 18.353238298727781, 50.351916873628795 ], [ 18.357236231986025, 50.356437192008698 ], [ 18.353116061949098, 50.360912498412418 ], [ 18.357114731297287, 50.365432816835451 ] ] ], [ [ [ 18.364392894567988, 50.428446489841804 ], [ 18.368398267057533, 50.432966393258667 ], [ 18.376529467203099, 50.433010245011488 ], [ 18.380653754417381, 50.428534179417817 ], [ 18.376647581601304, 50.424014691536669 ], [ 18.380771068880662, 50.419538611955495 ], [ 18.376765635938686, 50.415019123876235 ], [ 18.380888323694457, 50.410543030309817 ], [ 18.376883630255129, 50.40602354202948 ], [ 18.368757048302889, 50.405979732043349 ], [ 18.364633621435644, 50.410455396422726 ], [ 18.368637515371361, 50.414975299973122 ], [ 18.364513288609334, 50.419450950229198 ], [ 18.356384428950722, 50.419406267547167 ], [ 18.352258662811384, 50.423881474154044 ], [ 18.356262495140601, 50.428401792964358 ], [ 18.364392894567988, 50.428446489841804 ] ] ], [ [ [ 18.488864891930227, 50.195155179288378 ], [ 18.492862696017415, 50.199670953834193 ], [ 18.488768822970773, 50.20415126345867 ], [ 18.492767363180423, 50.208667036559461 ], [ 18.488672705319257, 50.213147333488955 ], [ 18.492671982020713, 50.21766310514721 ], [ 18.488576538943519, 50.222143389379973 ], [ 18.492576552506364, 50.226659159598171 ], [ 18.488480323811356, 50.231139431132512 ], [ 18.492481074605408, 50.235655199913118 ], [ 18.488384059890539, 50.240135458747275 ], [ 18.49238554828586, 50.244651226092785 ], [ 18.488287747148814, 50.249131472225017 ], [ 18.49228997351571, 50.253647238137916 ], [ 18.48819138555389, 50.25812747156651 ], [ 18.492194350262903, 50.262643236049293 ], [ 18.488094975073459, 50.267123456772502 ], [ 18.49209867849537, 50.271639219827634 ], [ 18.487998515675166, 50.276119427843724 ], [ 18.492002958181004, 50.280635189473713 ], [ 18.487902007326642, 50.285115384780937 ], [ 18.491907189287677, 50.289631144988284 ], [ 18.487805449995484, 50.294111327584915 ], [ 18.491811371783218, 50.298627086372107 ], [ 18.487708843649258, 50.303107256256396 ], [ 18.49171550563544, 50.307623013625914 ], [ 18.487612188255493, 50.312103170796135 ], [ 18.491619590812121, 50.316618926750515 ], [ 18.487515483781706, 50.321099071204898 ], [ 18.491523627281012, 50.325614825746626 ], [ 18.487418730195365, 50.330094957483453 ], [ 18.491427615009833, 50.33461071061501 ], [ 18.487321927463924, 50.339090829632546 ], [ 18.491331553966269, 50.343606581356461 ], [ 18.487225075554797, 50.348086687652938 ], [ 18.491235444117986, 50.35260243797174 ], [ 18.487128174435373, 50.357082531545409 ], [ 18.491139285432613, 50.361598280461585 ], [ 18.487031224073014, 50.366078361310727 ], [ 18.491043077877752, 50.370594108826793 ], [ 18.486934224435046, 50.375074176949646 ], [ 18.490946821420977, 50.37958992306811 ], [ 18.486837175488766, 50.384069978462925 ], [ 18.490850516029827, 50.388585723186324 ], [ 18.486740077201439, 50.393065765851347 ], [ 18.490754161671813, 50.397581509182196 ], [ 18.486642929540313, 50.402061539115699 ], [ 18.490657758314427, 50.406577281056492 ], [ 18.486545732472589, 50.411057298256715 ], [ 18.490561305925116, 50.415573038810003 ], [ 18.486448485965454, 50.420053043275189 ], [ 18.490464804471301, 50.424568782443494 ], [ 18.486351189986049, 50.429048774171903 ], [ 18.490368253920384, 50.433564511957748 ], [ 18.486253844501491, 50.438044490947611 ], [ 18.49027165423972, 50.442560227353539 ], [ 18.498404668608089, 50.442595567697062 ], [ 18.502518331831141, 50.438115160407783 ], [ 18.510650599611672, 50.438149642703515 ], [ 18.514762721672984, 50.433668794713576 ], [ 18.510743322818779, 50.429153892529371 ], [ 18.514854651105857, 50.424673032077862 ], [ 18.510835998871137, 50.420158128246818 ], [ 18.51494653379126, 50.415677255335389 ], [ 18.51092862780007, 50.411162349855083 ], [ 18.515038369760237, 50.406681464485381 ], [ 18.511021209636869, 50.402166557353389 ], [ 18.51513015904381, 50.397685659527056 ], [ 18.511113744412796, 50.393170750740921 ], [ 18.515221901672962, 50.388689840459612 ], [ 18.511206232159083, 50.384174930016933 ], [ 18.515313597678663, 50.379694007282275 ], [ 18.511298672906946, 50.375179095180641 ], [ 18.515405247091834, 50.370698159994284 ], [ 18.511391066687551, 50.366183246231252 ], [ 18.515496849943389, 50.361702298594849 ], [ 18.511483413532059, 50.357187383167997 ], [ 18.5155884062642, 50.352706423083184 ], [ 18.511575713471579, 50.348191505990108 ], [ 18.515679916085119, 50.343710533458498 ], [ 18.51166796653721, 50.339195614696791 ], [ 18.515771379436963, 50.334714629720047 ], [ 18.511760172760017, 50.330199709287299 ], [ 18.515862796350525, 50.325718711867061 ], [ 18.511852332171028, 50.321203789760844 ], [ 18.515954166856563, 50.316722779898733 ], [ 18.511944444801259, 50.31220785611665 ], [ 18.516045490985825, 50.307726833814321 ], [ 18.512036510681686, 50.303211908353973 ], [ 18.516136768769005, 50.298730873613046 ], [ 18.512128529843256, 50.294215946472022 ], [ 18.51622800023679, 50.289734899294153 ], [ 18.512220502316897, 50.285219970470038 ], [ 18.516319185419832, 50.280738910856833 ], [ 18.512312428133498, 50.276223980347261 ], [ 18.516410324348751, 50.271742908300375 ], [ 18.512404307323926, 50.267227976102916 ], [ 18.516501417054148, 50.262746891623983 ], [ 18.512496139919026, 50.25823195773625 ], [ 18.516592463566585, 50.253750860826905 ], [ 18.5125879259496, 50.249235925246502 ], [ 18.516683463916607, 50.244754815908365 ], [ 18.512679665446431, 50.240239878632913 ], [ 18.51677441813472, 50.235758756867611 ], [ 18.512771358440276, 50.231243817894715 ], [ 18.516865326251416, 50.226762683703889 ], [ 18.512863004961858, 50.222247743031154 ], [ 18.516956188297147, 50.217766596416432 ], [ 18.512954605041873, 50.213251654041493 ], [ 18.517047004302345, 50.20877049500448 ], [ 18.513046158710999, 50.204255550924941 ], [ 18.517137774297407, 50.1997743794673 ], [ 18.513137665999871, 50.195259433680775 ], [ 18.517228498312711, 50.190778249804126 ], [ 18.513229126939105, 50.186263302308241 ], [ 18.517319176378599, 50.181782106014197 ], [ 18.513320541559288, 50.177267156806572 ], [ 18.517409808525397, 50.172785948096752 ], [ 18.513411909890976, 50.168270997175021 ], [ 18.505325526492243, 50.168236841664488 ], [ 18.501235523725697, 50.172717626243589 ], [ 18.493148404910944, 50.172682620825832 ], [ 18.489056883901494, 50.177162968524847 ], [ 18.493053216850814, 50.181678745968135 ], [ 18.488960912229764, 50.186159080977355 ], [ 18.492957980563585, 50.190674856970674 ], [ 18.488864891930227, 50.195155179288378 ] ] ], [ [ [ 18.513046158710999, 50.204255550924941 ], [ 18.517047004302345, 50.20877049500448 ], [ 18.512954605041877, 50.213251654041493 ], [ 18.516956188297151, 50.217766596416432 ], [ 18.512863004961858, 50.222247743031154 ], [ 18.516865326251416, 50.226762683703889 ], [ 18.512771358440276, 50.231243817894715 ], [ 18.516774418134723, 50.235758756867611 ], [ 18.512679665446431, 50.240239878632913 ], [ 18.516683463916607, 50.244754815908365 ], [ 18.5125879259496, 50.249235925246502 ], [ 18.516592463566585, 50.253750860826905 ], [ 18.512496139919026, 50.25823195773625 ], [ 18.516501417054148, 50.262746891623983 ], [ 18.51240430732393, 50.267227976102916 ], [ 18.516410324348751, 50.271742908300375 ], [ 18.512312428133498, 50.276223980347261 ], [ 18.516319185419832, 50.280738910856833 ], [ 18.512220502316897, 50.285219970470038 ], [ 18.51622800023679, 50.289734899294153 ], [ 18.512128529843256, 50.294215946472022 ], [ 18.516136768769005, 50.298730873613046 ], [ 18.512036510681686, 50.303211908353973 ], [ 18.516045490985825, 50.307726833814321 ], [ 18.511944444801262, 50.31220785611665 ], [ 18.515954166856567, 50.316722779898733 ], [ 18.511852332171031, 50.321203789760844 ], [ 18.515862796350525, 50.325718711867061 ], [ 18.511760172760017, 50.330199709287299 ], [ 18.515771379436966, 50.334714629720047 ], [ 18.51166796653721, 50.339195614696791 ], [ 18.515679916085119, 50.343710533458498 ], [ 18.511575713471579, 50.348191505990108 ], [ 18.515588406264204, 50.352706423083184 ], [ 18.511483413532059, 50.357187383167997 ], [ 18.515496849943393, 50.361702298594849 ], [ 18.511391066687555, 50.366183246231252 ], [ 18.515405247091838, 50.370698159994284 ], [ 18.511298672906946, 50.375179095180641 ], [ 18.515313597678663, 50.379694007282275 ], [ 18.511206232159086, 50.384174930016933 ], [ 18.515221901672962, 50.388689840459612 ], [ 18.511113744412796, 50.393170750740921 ], [ 18.51513015904381, 50.397685659527056 ], [ 18.511021209636869, 50.402166557353389 ], [ 18.515038369760237, 50.406681464485381 ], [ 18.51092862780007, 50.411162349855083 ], [ 18.51494653379126, 50.415677255335389 ], [ 18.510835998871141, 50.420158128246818 ], [ 18.51485465110586, 50.424673032077862 ], [ 18.52298463149712, 50.424706645912096 ], [ 18.527004823733769, 50.429221130875774 ], [ 18.535135597115726, 50.429253897873615 ], [ 18.539244637982797, 50.424772169499242 ], [ 18.535223653147074, 50.420258101828992 ], [ 18.539331901806648, 50.415776361271249 ], [ 18.535311664403924, 50.411262291687159 ], [ 18.539419121262242, 50.406780538947622 ], [ 18.535399630916007, 50.402266467447319 ], [ 18.539506296379027, 50.39778470252751 ], [ 18.535487552713029, 50.393270629108663 ], [ 18.539593427186443, 50.38878885201013 ], [ 18.535575429824672, 50.384274776670452 ], [ 18.539680513713886, 50.379792987394694 ], [ 18.535663262280575, 50.375278910131854 ], [ 18.539767555990746, 50.370797108680456 ], [ 18.535751050110374, 50.366283029492081 ], [ 18.539854554046368, 50.361801215866556 ], [ 18.535838793343661, 50.357287134750379 ], [ 18.539941507910076, 50.352805308952277 ], [ 18.535926492010006, 50.34829122590596 ], [ 18.540028417611168, 50.343809387936787 ], [ 18.53601414613895, 50.339295302958021 ], [ 18.540115283178917, 50.334813452819326 ], [ 18.536101755760015, 50.330299365905788 ], [ 18.540202104642567, 50.325817503599112 ], [ 18.536189320902679, 50.321303414748485 ], [ 18.54028888203133, 50.316821540275349 ], [ 18.536276841596411, 50.312307449485331 ], [ 18.540375615374405, 50.307825562847256 ], [ 18.536364317870646, 50.303311470115553 ], [ 18.540462304700956, 50.298829571314087 ], [ 18.536451749754793, 50.294315476638374 ], [ 18.540548950040115, 50.289833565675046 ], [ 18.536539137278229, 50.285319469053007 ], [ 18.540635551420994, 50.280837545929337 ], [ 18.536626480470311, 50.276323447358699 ], [ 18.540722108872682, 50.271841512076222 ], [ 18.536713779360369, 50.267327411554675 ], [ 18.540808622424237, 50.262845464114918 ], [ 18.536801033977699, 50.258331361640131 ], [ 18.540895092104684, 50.253849402044629 ], [ 18.53688824435158, 50.249335297614351 ], [ 18.540981517943038, 50.244853325864618 ], [ 18.536975410511257, 50.240339219476525 ], [ 18.541067899968269, 50.235857235574095 ], [ 18.537062532485951, 50.231343127225905 ], [ 18.541154238209334, 50.226861131172299 ], [ 18.537149610304862, 50.222347020861712 ], [ 18.541240532695159, 50.217865012658478 ], [ 18.537236643997147, 50.213350900383219 ], [ 18.541326783454643, 50.208868880031829 ], [ 18.537323633591956, 50.204354765789617 ], [ 18.541412990516658, 50.199872733291635 ], [ 18.537410579118404, 50.19535861708016 ], [ 18.541499153910053, 50.190876572437105 ], [ 18.537497480605573, 50.186362454254102 ], [ 18.541585273663646, 50.181880397467495 ], [ 18.537584338082532, 50.177366277310668 ], [ 18.529496390905898, 50.177333800233285 ], [ 18.525496973997786, 50.172819264526957 ], [ 18.517409808525397, 50.172785948096752 ], [ 18.513320541559288, 50.177267156806572 ], [ 18.517319176378603, 50.181782106014197 ], [ 18.513229126939105, 50.186263302308241 ], [ 18.517228498312715, 50.190778249804126 ], [ 18.513137665999871, 50.195259433680775 ], [ 18.51713777429741, 50.1997743794673 ], [ 18.513046158710999, 50.204255550924941 ] ] ], [ [ [ 18.541067899968269, 50.235857235574095 ], [ 18.536975410511257, 50.240339219476525 ], [ 18.540981517943038, 50.244853325864618 ], [ 18.53688824435158, 50.249335297614351 ], [ 18.540895092104684, 50.253849402044629 ], [ 18.536801033977699, 50.258331361640131 ], [ 18.540808622424237, 50.262845464114918 ], [ 18.536713779360369, 50.267327411554675 ], [ 18.540722108872682, 50.271841512076222 ], [ 18.536626480470311, 50.276323447358699 ], [ 18.540635551420994, 50.280837545929337 ], [ 18.536539137278229, 50.285319469053007 ], [ 18.540548950040115, 50.289833565675046 ], [ 18.536451749754793, 50.294315476638374 ], [ 18.540462304700956, 50.298829571314087 ], [ 18.53636431787065, 50.303311470115553 ], [ 18.540375615374405, 50.307825562847256 ], [ 18.536276841596411, 50.312307449485331 ], [ 18.540288882031334, 50.316821540275349 ], [ 18.536189320902679, 50.321303414748485 ], [ 18.540202104642567, 50.325817503599112 ], [ 18.536101755760015, 50.330299365905788 ], [ 18.540115283178917, 50.334813452819326 ], [ 18.536014146138953, 50.339295302958021 ], [ 18.540028417611168, 50.343809387936787 ], [ 18.53592649201001, 50.34829122590596 ], [ 18.539941507910076, 50.352805308952277 ], [ 18.535838793343661, 50.357287134750379 ], [ 18.539854554046368, 50.361801215866556 ], [ 18.535751050110377, 50.366283029492081 ], [ 18.539767555990746, 50.370797108680456 ], [ 18.535663262280575, 50.375278910131854 ], [ 18.53968051371389, 50.379792987394694 ], [ 18.535575429824672, 50.384274776670452 ], [ 18.539593427186443, 50.38878885201013 ], [ 18.535487552713029, 50.393270629108663 ], [ 18.539506296379027, 50.39778470252751 ], [ 18.535399630916007, 50.402266467447319 ], [ 18.539419121262242, 50.406780538947622 ], [ 18.535311664403924, 50.411262291687159 ], [ 18.539331901806648, 50.415776361271249 ], [ 18.535223653147074, 50.420258101828992 ], [ 18.539244637982797, 50.424772169499242 ], [ 18.535135597115726, 50.429253897873615 ], [ 18.539157329761196, 50.43376796363232 ], [ 18.547288895757109, 50.433799883518439 ], [ 18.551397188422722, 50.429317727506053 ], [ 18.559528005825417, 50.429348790135784 ], [ 18.563634758052952, 50.424866194639399 ], [ 18.559611441746476, 50.420352963952894 ], [ 18.551482164390176, 50.420321911188836 ], [ 18.5474603877385, 50.415808260884774 ], [ 18.551567097149128, 50.411326080782047 ], [ 18.547546068336423, 50.406812428430548 ], [ 18.551651986728274, 50.402330236284882 ], [ 18.547631705377764, 50.397816581883689 ], [ 18.551736833156273, 50.393334377696533 ], [ 18.559861495069384, 50.393365400885912 ], [ 18.563882566642334, 50.397878638115429 ], [ 18.572008018387027, 50.397908814986245 ], [ 18.576110860976172, 50.3934257450437 ], [ 18.572088999962375, 50.38891292505825 ], [ 18.576191053501358, 50.384429843351469 ], [ 18.572169940382526, 50.379917021047028 ], [ 18.576271205275486, 50.375433927577397 ], [ 18.572250839674798, 50.370921102951812 ], [ 18.576351316325592, 50.366437997720702 ], [ 18.57233169786646, 50.361925170771784 ], [ 18.576431386678681, 50.357442053780566 ], [ 18.57241251498478, 50.352929224506155 ], [ 18.576511416361743, 50.348446095756231 ], [ 18.572493291056972, 50.343933264154124 ], [ 18.576591405401732, 50.339450123646849 ], [ 18.57257402611026, 50.334937289714901 ], [ 18.576671353825589, 50.330454137451646 ], [ 18.572654720171812, 50.325941301187697 ], [ 18.576751261660217, 50.32145813716987 ], [ 18.572735373268788, 50.316945298571724 ], [ 18.576831128932511, 50.312462122800653 ], [ 18.572815985428321, 50.307949281866172 ], [ 18.57691095566933, 50.303466094343271 ], [ 18.572896556677513, 50.29895325107028 ], [ 18.576990741897504, 50.294470051796907 ], [ 18.572977087043448, 50.289957206183253 ], [ 18.577070487643855, 50.285473995160771 ], [ 18.573057576553186, 50.280961147204295 ], [ 18.577150192935164, 50.276477924434083 ], [ 18.573138025233757, 50.27196507413263 ], [ 18.577229857798201, 50.26748183961606 ], [ 18.573218433112171, 50.262968986967465 ], [ 18.5773094822597, 50.258485740705922 ], [ 18.573298800215408, 50.253972885708038 ], [ 18.577389066346377, 50.249489627702864 ], [ 18.573379126570426, 50.24497677035356 ], [ 18.577468610084932, 50.240493500606142 ], [ 18.573459412204166, 50.235980640903243 ], [ 18.577548113502015, 50.231497359414959 ], [ 18.573539657143527, 50.226984497356327 ], [ 18.57762757662428, 50.222501204128505 ], [ 18.573619861415402, 50.217988339712022 ], [ 18.577706999478337, 50.213505034746063 ], [ 18.573700025046652, 50.208992167969534 ], [ 18.577786382090789, 50.204508851266809 ], [ 18.573780148064106, 50.199995982128129 ], [ 18.577865724488195, 50.195512653689995 ], [ 18.573860230494581, 50.190999782187021 ], [ 18.577945026697108, 50.186516442014842 ], [ 18.573940272364865, 50.182003568145426 ], [ 18.578024288744047, 50.177520216240566 ], [ 18.57402027370172, 50.17300734000257 ], [ 18.565933021833764, 50.172977401614538 ], [ 18.561848266549283, 50.177460329969477 ], [ 18.553760276160602, 50.177429542181159 ], [ 18.549674002174605, 50.181912034919598 ], [ 18.54158527366365, 50.181880397467495 ], [ 18.537497480605577, 50.186362454254102 ], [ 18.541499153910053, 50.190876572437105 ], [ 18.537410579118404, 50.19535861708016 ], [ 18.541412990516658, 50.199872733291635 ], [ 18.537323633591956, 50.204354765789617 ], [ 18.541326783454643, 50.208868880031829 ], [ 18.537236643997147, 50.213350900383219 ], [ 18.541240532695159, 50.217865012658478 ], [ 18.537149610304862, 50.222347020861712 ], [ 18.541154238209334, 50.226861131172299 ], [ 18.537062532485951, 50.231343127225905 ], [ 18.541067899968269, 50.235857235574095 ] ] ], [ [ [ 18.573860230494581, 50.190999782187021 ], [ 18.577865724488195, 50.195512653689995 ], [ 18.573780148064106, 50.199995982128129 ], [ 18.577786382090789, 50.204508851266809 ], [ 18.573700025046652, 50.208992167969534 ], [ 18.577706999478337, 50.213505034746063 ], [ 18.573619861415402, 50.217988339712022 ], [ 18.57762757662428, 50.222501204128505 ], [ 18.573539657143527, 50.226984497356327 ], [ 18.577548113502015, 50.231497359414959 ], [ 18.573459412204166, 50.235980640903243 ], [ 18.577468610084932, 50.240493500606142 ], [ 18.573379126570426, 50.24497677035356 ], [ 18.577389066346381, 50.249489627702864 ], [ 18.573298800215408, 50.253972885708038 ], [ 18.5773094822597, 50.258485740705922 ], [ 18.573218433112171, 50.262968986967465 ], [ 18.577229857798201, 50.26748183961606 ], [ 18.57313802523376, 50.27196507413263 ], [ 18.577150192935164, 50.276477924434083 ], [ 18.573057576553186, 50.280961147204295 ], [ 18.577070487643855, 50.285473995160771 ], [ 18.572977087043451, 50.289957206183253 ], [ 18.576990741897507, 50.294470051796907 ], [ 18.572896556677513, 50.29895325107028 ], [ 18.57691095566933, 50.303466094343271 ], [ 18.572815985428321, 50.307949281866172 ], [ 18.576831128932511, 50.312462122800653 ], [ 18.572735373268788, 50.316945298571724 ], [ 18.576751261660217, 50.32145813716987 ], [ 18.572654720171812, 50.325941301187697 ], [ 18.576671353825589, 50.330454137451646 ], [ 18.57257402611026, 50.334937289714901 ], [ 18.576591405401732, 50.339450123646849 ], [ 18.572493291056976, 50.343933264154124 ], [ 18.576511416361743, 50.348446095756231 ], [ 18.57241251498478, 50.352929224506155 ], [ 18.576431386678681, 50.357442053780566 ], [ 18.572331697866463, 50.361925170771784 ], [ 18.576351316325592, 50.366437997720702 ], [ 18.572250839674798, 50.370921102951812 ], [ 18.576271205275486, 50.375433927577397 ], [ 18.57216994038253, 50.379917021047028 ], [ 18.576191053501358, 50.384429843351469 ], [ 18.572088999962375, 50.38891292505825 ], [ 18.576110860976172, 50.3934257450437 ], [ 18.572008018387027, 50.397908814986245 ], [ 18.576030627672868, 50.402421632654899 ], [ 18.584156868872086, 50.402450962932541 ], [ 18.588181016275353, 50.406963360703017 ], [ 18.596308046551506, 50.406991844112916 ], [ 18.600409391033036, 50.402507920705744 ], [ 18.596384454943831, 50.397995940590945 ], [ 18.600485011130388, 50.393512005693708 ], [ 18.596460824498863, 50.389000022996996 ], [ 18.600560592794089, 50.384516076610964 ], [ 18.596537155242373, 50.380004091330221 ], [ 18.600636136049634, 50.37552013345671 ], [ 18.596613447200117, 50.371008145589869 ], [ 18.600711640922505, 50.366524176230108 ], [ 18.596689700397818, 50.362012185775107 ], [ 18.600787107438162, 50.357528204930382 ], [ 18.596765914861177, 50.353016211885141 ], [ 18.600862535622035, 50.348532219556724 ], [ 18.596842090615883, 50.344020223919159 ], [ 18.600937925499533, 50.339536220108322 ], [ 18.596918227687581, 50.335024221876367 ], [ 18.601013277096051, 50.330540206584374 ], [ 18.596994326101917, 50.326028205755968 ], [ 18.601088590436945, 50.321544178984105 ], [ 18.597070385884489, 50.317032175557159 ], [ 18.601163865547552, 50.312548137306678 ], [ 18.59714640706089, 50.308036131279131 ], [ 18.601239102453196, 50.303552081551317 ], [ 18.597222389656679, 50.299040072921123 ], [ 18.601314301179173, 50.294556011717219 ], [ 18.597298333697402, 50.290044000482304 ], [ 18.601389461750749, 50.28555992780359 ], [ 18.597374239208573, 50.281047913961899 ], [ 18.601464584193174, 50.27656382980966 ], [ 18.597450106215678, 50.27205181335912 ], [ 18.601539668531675, 50.267567717734622 ], [ 18.597525934744194, 50.263055698673163 ], [ 18.601614714791452, 50.258571591577649 ], [ 18.597601724819569, 50.254059569903269 ], [ 18.601689722997683, 50.249575451337996 ], [ 18.597677476467229, 50.245063427048606 ], [ 18.601764693175525, 50.240579297014875 ], [ 18.597753189712563, 50.236067270108414 ], [ 18.601839625350117, 50.231583128607483 ], [ 18.597828864580958, 50.227071099081911 ], [ 18.601914519546565, 50.222586946115022 ], [ 18.597904501097766, 50.218074913968323 ], [ 18.601989375789952, 50.213590749536742 ], [ 18.597980099288314, 50.209078714766825 ], [ 18.602064194105349, 50.204594538871838 ], [ 18.598055659177916, 50.200082501476679 ], [ 18.6021389745178, 50.195598314119522 ], [ 18.598131180791857, 50.191086274097088 ], [ 18.602213717052319, 50.18660207527904 ], [ 18.598206664155395, 50.182090032627258 ], [ 18.602288421733903, 50.177605822349584 ], [ 18.598282109293766, 50.173093777066441 ], [ 18.602363088587527, 50.168609555330406 ], [ 18.598357516232198, 50.164097507413864 ], [ 18.590271742598993, 50.164069267035551 ], [ 18.586190023604807, 50.168553065617751 ], [ 18.578103510655509, 50.168523976366409 ], [ 18.57402027370172, 50.17300734000257 ], [ 18.57802428874405, 50.177520216240566 ], [ 18.573940272364869, 50.182003568145426 ], [ 18.577945026697112, 50.186516442014842 ], [ 18.573860230494581, 50.190999782187021 ] ] ], [ [ [ 18.598206664155395, 50.182090032627258 ], [ 18.602213717052319, 50.18660207527904 ], [ 18.598131180791857, 50.191086274097088 ], [ 18.6021389745178, 50.195598314119522 ], [ 18.598055659177916, 50.200082501476679 ], [ 18.602064194105353, 50.204594538871838 ], [ 18.597980099288318, 50.209078714766825 ], [ 18.601989375789952, 50.213590749536742 ], [ 18.597904501097766, 50.218074913968323 ], [ 18.601914519546565, 50.222586946115022 ], [ 18.597828864580958, 50.227071099081911 ], [ 18.60183962535012, 50.231583128607483 ], [ 18.597753189712563, 50.236067270108414 ], [ 18.601764693175529, 50.240579297014875 ], [ 18.597677476467229, 50.245063427048606 ], [ 18.601689722997687, 50.249575451337996 ], [ 18.597601724819572, 50.254059569903269 ], [ 18.601614714791452, 50.258571591577649 ], [ 18.597525934744198, 50.263055698673163 ], [ 18.601539668531675, 50.267567717734622 ], [ 18.597450106215678, 50.27205181335912 ], [ 18.601464584193174, 50.27656382980966 ], [ 18.597374239208573, 50.281047913961899 ], [ 18.601389461750749, 50.28555992780359 ], [ 18.597298333697402, 50.290044000482304 ], [ 18.601314301179173, 50.294556011717219 ], [ 18.597222389656679, 50.299040072921123 ], [ 18.601239102453199, 50.303552081551317 ], [ 18.59714640706089, 50.308036131279131 ], [ 18.601163865547555, 50.312548137306678 ], [ 18.597070385884489, 50.317032175557159 ], [ 18.601088590436945, 50.321544178984105 ], [ 18.596994326101917, 50.326028205755968 ], [ 18.601013277096051, 50.330540206584374 ], [ 18.596918227687585, 50.335024221876367 ], [ 18.600937925499537, 50.339536220108322 ], [ 18.596842090615883, 50.344020223919159 ], [ 18.600862535622035, 50.348532219556724 ], [ 18.59676591486118, 50.353016211885141 ], [ 18.600787107438162, 50.357528204930382 ], [ 18.596689700397818, 50.362012185775107 ], [ 18.600711640922505, 50.366524176230108 ], [ 18.596613447200117, 50.371008145589869 ], [ 18.600636136049634, 50.37552013345671 ], [ 18.596537155242373, 50.380004091330221 ], [ 18.600560592794089, 50.384516076610964 ], [ 18.596460824498866, 50.389000022996996 ], [ 18.600485011130392, 50.393512005693708 ], [ 18.596384454943831, 50.397995940590945 ], [ 18.60040939103304, 50.402507920705744 ], [ 18.596308046551506, 50.406991844112916 ], [ 18.600333732476507, 50.411503821647862 ], [ 18.59623159929609, 50.415987733563711 ], [ 18.600258035435235, 50.420499708520886 ], [ 18.608387393727355, 50.420527353568318 ], [ 18.612415369575075, 50.425038907820721 ], [ 18.608313198275972, 50.42952323515614 ], [ 18.612341925499774, 50.434034786701041 ], [ 18.608238965072271, 50.438519102679805 ], [ 18.612268444051526, 50.443030651519258 ], [ 18.608164694091148, 50.447514956140132 ], [ 18.61219492520549, 50.452026502276176 ], [ 18.608090385307488, 50.456510795537937 ], [ 18.612121368936787, 50.461022338972604 ], [ 18.620257682675827, 50.461049170409808 ], [ 18.62436146966634, 50.456564449887345 ], [ 18.620329696087019, 50.452053325189702 ], [ 18.624432693520038, 50.447568593445425 ], [ 18.620401672860435, 50.443057465912339 ], [ 18.624503881140466, 50.438572722947413 ], [ 18.620473613020433, 50.434061592576889 ], [ 18.624575032551704, 50.429576838392478 ], [ 18.620545516591346, 50.425065705182533 ], [ 18.624646147777806, 50.420580939779832 ], [ 18.62061738359747, 50.416069803728455 ], [ 18.624717226842812, 50.411585027108607 ], [ 18.620689214063098, 50.40707388821383 ], [ 18.624788269770729, 50.40258910037803 ], [ 18.62076100801249, 50.398077958637863 ], [ 18.624859276585553, 50.393593159587255 ], [ 18.620832765469888, 50.389082014999701 ], [ 18.624930247311255, 50.384597204735464 ], [ 18.620904486459505, 50.380086057298556 ], [ 18.625001181971776, 50.375601235821861 ], [ 18.620976171005537, 50.371090085533616 ], [ 18.625072080591046, 50.366605252845616 ], [ 18.621047819132166, 50.362094099704059 ], [ 18.625142943192966, 50.35760925580594 ], [ 18.621119430863533, 50.353098099809081 ], [ 18.625213769801427, 50.348613244702008 ], [ 18.621191006223771, 50.344102085847865 ], [ 18.625284560440274, 50.33961721953299 ], [ 18.621262545236991, 50.335106057819615 ], [ 18.625355315133355, 50.330621180298095 ], [ 18.621334047927274, 50.326110015723515 ], [ 18.625426033904489, 50.321625126996544 ], [ 18.621405514318685, 50.317113959558768 ], [ 18.625496716777462, 50.312629059627504 ], [ 18.621476944435265, 50.308117889324564 ], [ 18.625567363776057, 50.303632978190151 ], [ 18.621548338301036, 50.2991218050201 ], [ 18.625637974924015, 50.294636882683719 ], [ 18.621619695939994, 50.290125706644581 ], [ 18.625708550245072, 50.285640773107396 ], [ 18.621691017376111, 50.281129594197196 ], [ 18.625779089762936, 50.276644649460366 ], [ 18.621762302633343, 50.272133467677172 ], [ 18.625849593501293, 50.267648511741861 ], [ 18.621833551735627, 50.263137327083676 ], [ 18.625920061483811, 50.258652359951043 ], [ 18.621904764706873, 50.254141172415949 ], [ 18.625990493734125, 50.249656194087152 ], [ 18.621975941570959, 50.245145003673166 ], [ 18.626060890275866, 50.240660014149377 ], [ 18.622047082351763, 50.236148820854552 ], [ 18.62613125113263, 50.23166382013693 ], [ 18.622118187073127, 50.227152623959313 ], [ 18.626201576327997, 50.222667612049008 ], [ 18.622189255758872, 50.218156412986659 ], [ 18.626271865885521, 50.213671389884844 ], [ 18.622260288432802, 50.209160187935794 ], [ 18.626342119828742, 50.204675153643613 ], [ 18.622331285118694, 50.20016394880593 ], [ 18.626412338181172, 50.195678903324563 ], [ 18.622402245840309, 50.191167695596292 ], [ 18.626482520966306, 50.186682638926882 ], [ 18.622473170621383, 50.182171428306091 ], [ 18.626552668207616, 50.177686360449798 ], [ 18.62254405948563, 50.173175146934526 ], [ 18.614456730448882, 50.173148586670422 ], [ 18.610449640108502, 50.168636955787434 ], [ 18.602363088587527, 50.168609555330406 ], [ 18.59828210929377, 50.173093777066441 ], [ 18.602288421733903, 50.177605822349584 ], [ 18.598206664155395, 50.182090032627258 ] ] ], [ [ [ 18.620689214063098, 50.40707388821383 ], [ 18.624717226842812, 50.411585027108607 ], [ 18.62061738359747, 50.416069803728455 ], [ 18.62464614777781, 50.420580939779832 ], [ 18.620545516591346, 50.425065705182533 ], [ 18.624575032551704, 50.429576838392478 ], [ 18.620473613020433, 50.434061592576889 ], [ 18.624503881140466, 50.438572722947413 ], [ 18.620401672860435, 50.443057465912339 ], [ 18.624432693520038, 50.447568593445425 ], [ 18.620329696087019, 50.452053325189702 ], [ 18.62436146966634, 50.456564449887345 ], [ 18.620257682675831, 50.461049170409808 ], [ 18.624290209555269, 50.465560292273999 ], [ 18.632427313256525, 50.465586274673896 ], [ 18.636461383791008, 50.470096974629342 ], [ 18.644599277073574, 50.470122107717124 ], [ 18.648701555892945, 50.465636532863606 ], [ 18.644666696170006, 50.461126252057277 ], [ 18.648768186193728, 50.456640666256455 ], [ 18.644734080960593, 50.452130382350241 ], [ 18.648834782592665, 50.447644785603188 ], [ 18.644801431468142, 50.443134498595171 ], [ 18.648901345112289, 50.438648890902961 ], [ 18.644868747715439, 50.434138600791258 ], [ 18.648967873775121, 50.429652982154956 ], [ 18.644936029725255, 50.425142688937676 ], [ 18.649034368603651, 50.420657059358334 ], [ 18.645003277520328, 50.416146763033574 ], [ 18.649100829620352, 50.411661122512271 ], [ 18.645070491123381, 50.407150823078155 ], [ 18.649167256847683, 50.402665171615951 ], [ 18.645137670557119, 50.398154869070595 ], [ 18.649233650308069, 50.393669206668527 ], [ 18.645204815844224, 50.389158901010042 ], [ 18.649300010023929, 50.384673227669204 ], [ 18.645271927007364, 50.380162918895692 ], [ 18.64936633601765, 50.375677234617157 ], [ 18.645339004069168, 50.371166922726765 ], [ 18.649432628311608, 50.366681227511542 ], [ 18.645406047052266, 50.362170912502371 ], [ 18.64949888692815, 50.357685206351576 ], [ 18.645473055979249, 50.353174888221751 ], [ 18.649565111889608, 50.348689171136414 ], [ 18.645540030872702, 50.344178849884052 ], [ 18.649631303218293, 50.33969312186526 ], [ 18.645606971755182, 50.335182797488486 ], [ 18.649697460936494, 50.330697058537275 ], [ 18.645673878649227, 50.326186731034234 ], [ 18.649763585066481, 50.321700981151679 ], [ 18.64574075157735, 50.317190650520466 ], [ 18.6498296756305, 50.312704889707632 ], [ 18.645807590562054, 50.308194555946393 ], [ 18.649895732650787, 50.303708784204346 ], [ 18.645874395625807, 50.299198447311213 ], [ 18.649961756149541, 50.294712664640969 ], [ 18.645941166791072, 50.290202324614086 ], [ 18.650027746148957, 50.28571653101676 ], [ 18.646007904080282, 50.281206187854224 ], [ 18.650093702671203, 50.276720383330854 ], [ 18.646074607515846, 50.272210037030845 ], [ 18.650159625738421, 50.267724221582483 ], [ 18.646141277120165, 50.263213872143119 ], [ 18.650225515372746, 50.258728045770809 ], [ 18.64620791291561, 50.254217693190249 ], [ 18.650291371596278, 50.249731855895057 ], [ 18.646274514924531, 50.245221500171425 ], [ 18.650357194431116, 50.240735651954431 ], [ 18.646341083169268, 50.236225293085873 ], [ 18.650422983899315, 50.231739433948121 ], [ 18.646407617672129, 50.227229071932776 ], [ 18.650488740022922, 50.222743201875311 ], [ 18.646474118455409, 50.218232836711344 ], [ 18.650554462823976, 50.213746955735232 ], [ 18.646540585541374, 50.209236587420769 ], [ 18.650620152324478, 50.204750695527082 ], [ 18.646607018952285, 50.200240324060267 ], [ 18.650685808546413, 50.195754421250037 ], [ 18.64667341871036, 50.191244046629059 ], [ 18.650751431511747, 50.186758132903343 ], [ 18.646739784837827, 50.182247755126326 ], [ 18.638650901887551, 50.18222287606271 ], [ 18.634640774387634, 50.177712080249407 ], [ 18.626552668207616, 50.177686360449798 ], [ 18.622473170621383, 50.182171428306091 ], [ 18.626482520966309, 50.186682638926882 ], [ 18.622402245840309, 50.191167695596292 ], [ 18.626412338181172, 50.195678903324563 ], [ 18.622331285118694, 50.20016394880593 ], [ 18.626342119828742, 50.204675153643613 ], [ 18.622260288432802, 50.209160187935794 ], [ 18.626271865885521, 50.213671389884844 ], [ 18.622189255758872, 50.218156412986659 ], [ 18.626201576327997, 50.222667612049008 ], [ 18.622118187073127, 50.227152623959313 ], [ 18.62613125113263, 50.23166382013693 ], [ 18.622047082351767, 50.236148820854552 ], [ 18.62606089027587, 50.240660014149377 ], [ 18.621975941570962, 50.245145003673166 ], [ 18.625990493734125, 50.249656194087152 ], [ 18.621904764706873, 50.254141172415949 ], [ 18.625920061483814, 50.258652359951043 ], [ 18.621833551735627, 50.263137327083676 ], [ 18.625849593501297, 50.267648511741861 ], [ 18.621762302633346, 50.272133467677172 ], [ 18.625779089762936, 50.276644649460366 ], [ 18.621691017376111, 50.281129594197196 ], [ 18.625708550245076, 50.285640773107396 ], [ 18.621619695939994, 50.290125706644581 ], [ 18.625637974924018, 50.294636882683719 ], [ 18.621548338301036, 50.2991218050201 ], [ 18.625567363776057, 50.303632978190151 ], [ 18.621476944435269, 50.308117889324564 ], [ 18.625496716777462, 50.312629059627504 ], [ 18.621405514318685, 50.317113959558768 ], [ 18.625426033904489, 50.321625126996544 ], [ 18.621334047927274, 50.326110015723515 ], [ 18.625355315133355, 50.330621180298095 ], [ 18.621262545236991, 50.335106057819615 ], [ 18.625284560440274, 50.33961721953299 ], [ 18.621191006223775, 50.344102085847865 ], [ 18.625213769801427, 50.348613244702008 ], [ 18.621119430863533, 50.353098099809081 ], [ 18.625142943192969, 50.35760925580594 ], [ 18.621047819132166, 50.362094099704059 ], [ 18.625072080591046, 50.366605252845616 ], [ 18.620976171005541, 50.371090085533616 ], [ 18.625001181971776, 50.375601235821861 ], [ 18.620904486459505, 50.380086057298556 ], [ 18.624930247311255, 50.384597204735464 ], [ 18.620832765469888, 50.389082014999701 ], [ 18.624859276585557, 50.393593159587255 ], [ 18.62076100801249, 50.398077958637863 ], [ 18.624788269770729, 50.40258910037803 ], [ 18.620689214063098, 50.40707388821383 ] ] ], [ [ [ 18.650685808546413, 50.195754421250037 ], [ 18.646607018952285, 50.200240324060267 ], [ 18.650620152324478, 50.204750695527082 ], [ 18.646540585541377, 50.209236587420769 ], [ 18.650554462823976, 50.213746955735232 ], [ 18.646474118455409, 50.218232836711344 ], [ 18.650488740022926, 50.222743201875311 ], [ 18.646407617672129, 50.227229071932776 ], [ 18.650422983899315, 50.231739433948121 ], [ 18.646341083169268, 50.236225293085873 ], [ 18.650357194431116, 50.240735651954431 ], [ 18.646274514924531, 50.245221500171425 ], [ 18.650291371596278, 50.249731855895057 ], [ 18.64620791291561, 50.254217693190249 ], [ 18.650225515372746, 50.258728045770809 ], [ 18.646141277120165, 50.263213872143119 ], [ 18.650159625738421, 50.267724221582483 ], [ 18.646074607515846, 50.272210037030845 ], [ 18.650093702671203, 50.276720383330854 ], [ 18.646007904080282, 50.281206187854224 ], [ 18.650027746148957, 50.28571653101676 ], [ 18.645941166791072, 50.290202324614086 ], [ 18.649961756149541, 50.294712664640969 ], [ 18.64587439562581, 50.299198447311213 ], [ 18.649895732650787, 50.303708784204346 ], [ 18.645807590562054, 50.308194555946393 ], [ 18.649829675630503, 50.312704889707632 ], [ 18.645740751577353, 50.317190650520466 ], [ 18.649763585066484, 50.321700981151679 ], [ 18.645673878649227, 50.326186731034234 ], [ 18.649697460936494, 50.330697058537275 ], [ 18.645606971755182, 50.335182797488486 ], [ 18.649631303218293, 50.33969312186526 ], [ 18.645540030872706, 50.344178849884052 ], [ 18.649565111889608, 50.348689171136414 ], [ 18.645473055979249, 50.353174888221751 ], [ 18.649498886928153, 50.357685206351576 ], [ 18.645406047052266, 50.362170912502371 ], [ 18.649432628311608, 50.366681227511542 ], [ 18.645339004069168, 50.371166922726765 ], [ 18.64936633601765, 50.375677234617157 ], [ 18.645271927007364, 50.380162918895692 ], [ 18.649300010023929, 50.384673227669204 ], [ 18.645204815844227, 50.389158901010042 ], [ 18.649233650308069, 50.393669206668527 ], [ 18.645137670557119, 50.398154869070595 ], [ 18.649167256847683, 50.402665171615951 ], [ 18.645070491123381, 50.407150823078155 ], [ 18.649100829620352, 50.411661122512271 ], [ 18.645003277520328, 50.416146763033574 ], [ 18.649034368603651, 50.420657059358334 ], [ 18.644936029725255, 50.425142688937676 ], [ 18.648967873775121, 50.429652982154956 ], [ 18.644868747715442, 50.434138600791258 ], [ 18.648901345112289, 50.438648890902961 ], [ 18.644801431468142, 50.443134498595171 ], [ 18.648834782592665, 50.447644785603188 ], [ 18.644734080960593, 50.452130382350241 ], [ 18.648768186193728, 50.456640666256455 ], [ 18.644666696170006, 50.461126252057277 ], [ 18.648701555892945, 50.465636532863606 ], [ 18.644599277073574, 50.470122107717124 ], [ 18.648634891667761, 50.474632385425458 ], [ 18.656773574150197, 50.474656668926386 ], [ 18.660810733208493, 50.479166524049184 ], [ 18.656708420835347, 50.483652515161687 ], [ 18.660746335933077, 50.488162367055864 ], [ 18.668887352495037, 50.488185808143278 ], [ 18.672988908435407, 50.483699389887342 ], [ 18.681129168171211, 50.483721973390573 ], [ 18.685229178839418, 50.479235117518591 ], [ 18.681189686870674, 50.47472610508671 ], [ 18.685288909889913, 50.470239238679049 ], [ 18.681250174768138, 50.465730222749627 ], [ 18.685348610541649, 50.461243345807205 ], [ 18.681310631884088, 50.456734326378516 ], [ 18.685408280814844, 50.452247438902226 ], [ 18.681371058238984, 50.447738415972509 ], [ 18.685467920729693, 50.443251517963247 ], [ 18.681431453853282, 50.438742491530761 ], [ 18.685527530306366, 50.434255582989458 ], [ 18.681491818747407, 50.429746553052446 ], [ 18.685587109565038, 50.425259633979998 ], [ 18.681552152941769, 50.420750600536728 ], [ 18.685646658525837, 50.41626367093405 ], [ 18.681612456456765, 50.411754633982788 ], [ 18.685706177208889, 50.40726769385077 ], [ 18.681672729312758, 50.402758653389782 ], [ 18.6857656656343, 50.398271702729332 ], [ 18.681732971530117, 50.393762658756856 ], [ 18.685825123822156, 50.389275697568891 ], [ 18.681793183129166, 50.384766650083201 ], [ 18.685884551792523, 50.38027967836863 ], [ 18.681853364130227, 50.375770627367991 ], [ 18.685943949565448, 50.371283645127711 ], [ 18.681913514553603, 50.36677459061039 ], [ 18.686003317160967, 50.362287597845324 ], [ 18.681973634419567, 50.35777853980958 ], [ 18.686062654599088, 50.353291536520615 ], [ 18.682033723748386, 50.348782474964736 ], [ 18.686121961899804, 50.344295461152761 ], [ 18.682093782560301, 50.339786396075027 ], [ 18.686181239083098, 50.335299371740973 ], [ 18.682153810875537, 50.330790303139622 ], [ 18.68624048616892, 50.326303268284398 ], [ 18.682213808714302, 50.321794196157711 ], [ 18.686299703177212, 50.31730715078222 ], [ 18.682273776096782, 50.312798075128491 ], [ 18.686358890127895, 50.308311019233614 ], [ 18.68233371304315, 50.30380194005113 ], [ 18.686418047040874, 50.299314873637776 ], [ 18.682393619573556, 50.294805790924798 ], [ 18.686477173936034, 50.290318713993877 ], [ 18.682453495708128, 50.285809627748691 ], [ 18.686536270833241, 50.281322540301105 ], [ 18.682513341466986, 50.276813450521992 ], [ 18.686595337752344, 50.272326352558665 ], [ 18.682573156870227, 50.267817259243913 ], [ 18.686654374713168, 50.263330150765711 ], [ 18.682632941937921, 50.258821053913593 ], [ 18.686713381735537, 50.254333934921448 ], [ 18.682692696690136, 50.249824834530258 ], [ 18.686772358839235, 50.245337705025058 ], [ 18.682752421146908, 50.240828601093106 ], [ 18.686831306044045, 50.236341461075746 ], [ 18.682812115328264, 50.231832353601305 ], [ 18.686890223369723, 50.227345203072687 ], [ 18.682871779254207, 50.222836092054052 ], [ 18.686949110836011, 50.2183489310151 ], [ 18.682931412944722, 50.213839816450559 ], [ 18.687007968462627, 50.209352644902147 ], [ 18.682991016419781, 50.204843526790008 ], [ 18.687066796269281, 50.200356344733052 ], [ 18.683050589699331, 50.195847223071581 ], [ 18.687125594275656, 50.191360030507006 ], [ 18.683110132803304, 50.186850905294534 ], [ 18.687184362501423, 50.182363702223192 ], [ 18.683169645751615, 50.177854573458013 ], [ 18.687243100966231, 50.173367359880828 ], [ 18.683229128564161, 50.168858227561238 ], [ 18.675142475164662, 50.168835893594732 ], [ 18.671068275986844, 50.173322684864637 ], [ 18.662980879008643, 50.173299502796972 ], [ 18.658905161404395, 50.177785860919585 ], [ 18.650817021242432, 50.177761830486183 ], [ 18.646739784837827, 50.182247755126326 ], [ 18.650751431511747, 50.186758132903343 ], [ 18.64667341871036, 50.191244046629059 ], [ 18.650685808546413, 50.195754421250037 ] ] ], [ [ [ 18.682093782560301, 50.339786396075027 ], [ 18.686121961899808, 50.344295461152761 ], [ 18.682033723748386, 50.348782474964736 ], [ 18.686062654599088, 50.353291536520615 ], [ 18.681973634419567, 50.35777853980958 ], [ 18.686003317160967, 50.362287597845324 ], [ 18.681913514553603, 50.36677459061039 ], [ 18.685943949565448, 50.371283645127711 ], [ 18.68185336413023, 50.375770627367991 ], [ 18.685884551792523, 50.38027967836863 ], [ 18.681793183129169, 50.384766650083201 ], [ 18.685825123822156, 50.389275697568891 ], [ 18.681732971530117, 50.393762658756856 ], [ 18.685765665634303, 50.398271702729332 ], [ 18.681672729312758, 50.402758653389782 ], [ 18.685706177208893, 50.40726769385077 ], [ 18.681612456456765, 50.411754633982788 ], [ 18.685646658525837, 50.41626367093405 ], [ 18.681552152941773, 50.420750600536728 ], [ 18.685587109565038, 50.425259633979998 ], [ 18.681491818747407, 50.429746553052446 ], [ 18.68552753030637, 50.434255582989458 ], [ 18.681431453853282, 50.438742491530761 ], [ 18.685467920729693, 50.443251517963247 ], [ 18.681371058238987, 50.447738415972509 ], [ 18.685408280814844, 50.452247438902226 ], [ 18.681310631884088, 50.456734326378516 ], [ 18.685348610541649, 50.461243345807205 ], [ 18.681250174768138, 50.465730222749627 ], [ 18.685288909889913, 50.470239238679049 ], [ 18.681189686870677, 50.47472610508671 ], [ 18.685229178839418, 50.479235117518591 ], [ 18.693368681345284, 50.479256843705762 ], [ 18.697409718203055, 50.483765432669188 ], [ 18.705550007974569, 50.483786308441246 ], [ 18.709647715727296, 50.479298588616089 ], [ 18.705605891997138, 50.474790419696518 ], [ 18.709702813270699, 50.470302689610769 ], [ 18.705661747576503, 50.465794516926294 ], [ 18.709757882773367, 50.461306776580763 ], [ 18.705717574731583, 50.456798600129744 ], [ 18.709812924253946, 50.452310849525226 ], [ 18.705773373481275, 50.447802669306 ], [ 18.709867937731072, 50.443314908443305 ], [ 18.705829143844461, 50.438806724454231 ], [ 18.709922923223349, 50.43431895333417 ], [ 18.70588488584001, 50.429810765573599 ], [ 18.709977880749378, 50.425322984196967 ], [ 18.705940599486773, 50.420814792663251 ], [ 18.710032810327736, 50.416327001030844 ], [ 18.705996284803572, 50.411818805722362 ], [ 18.710087711976989, 50.407331003834976 ], [ 18.706051941809221, 50.40282280475008 ], [ 18.710142585715676, 50.398334992608532 ], [ 18.706107570522523, 50.393826789745575 ], [ 18.710197431562325, 50.389338967350675 ], [ 18.706163170962245, 50.384830760708006 ], [ 18.710252249535451, 50.380342928060529 ], [ 18.706218743147165, 50.375834717636558 ], [ 18.710307039653546, 50.37134687473732 ], [ 18.706274287096015, 50.36683866053037 ], [ 18.710361801935086, 50.362350807380167 ], [ 18.706329802827526, 50.357842589388618 ], [ 18.710416536398533, 50.353354725988268 ], [ 18.706385290360409, 50.348846504210499 ], [ 18.710471243062326, 50.34435863056077 ], [ 18.706440749713359, 50.339850404995147 ], [ 18.710525921944896, 50.335362521096862 ], [ 18.706496180905049, 50.330854291741744 ], [ 18.710580573064657, 50.32636639759572 ], [ 18.706551583954138, 50.32185816444948 ], [ 18.710635196439991, 50.317370260056485 ], [ 18.70660695887927, 50.312862023117525 ], [ 18.71068979208928, 50.308374108478361 ], [ 18.706662305699069, 50.303865867745031 ], [ 18.710744360030883, 50.299377942860524 ], [ 18.706717624432144, 50.294869698331219 ], [ 18.710798900283141, 50.290381763202141 ], [ 18.706772915097087, 50.285873514875227 ], [ 18.710853412864385, 50.28138556950239 ], [ 18.70682817771247, 50.276877317376261 ], [ 18.710907897792918, 50.272389361760467 ], [ 18.706883412296854, 50.267881105833496 ], [ 18.710962355087037, 50.263393139975534 ], [ 18.706938618868772, 50.258884880246107 ], [ 18.711016784765015, 50.254396904146788 ], [ 18.706993797446756, 50.249888640613293 ], [ 18.711071186845111, 50.245400654273404 ], [ 18.707048948049309, 50.240892386934227 ], [ 18.711125561345568, 50.236404390354579 ], [ 18.707104070694918, 50.231896119208109 ], [ 18.711179908284613, 50.227408112389483 ], [ 18.707159165402061, 50.222899837434113 ], [ 18.711234227680457, 50.218411820377334 ], [ 18.707214232189191, 50.213903541611444 ], [ 18.711288519551285, 50.209415514317293 ], [ 18.707269271074743, 50.204907231739277 ], [ 18.711342783915285, 50.20041919420855 ], [ 18.707324282077153, 50.19591090781681 ], [ 18.711397020790603, 50.191422860050324 ], [ 18.707379265214811, 50.186914569843267 ], [ 18.711451230195394, 50.182426511841797 ], [ 18.707434220506116, 50.177918217817798 ], [ 18.699346019303395, 50.177897566164916 ], [ 18.695330528454754, 50.173388852825951 ], [ 18.687243100966231, 50.173367359880828 ], [ 18.683169645751615, 50.177854573458013 ], [ 18.687184362501423, 50.182363702223192 ], [ 18.683110132803304, 50.186850905294534 ], [ 18.687125594275656, 50.191360030507006 ], [ 18.683050589699331, 50.195847223071581 ], [ 18.687066796269281, 50.200356344733052 ], [ 18.682991016419781, 50.204843526790008 ], [ 18.687007968462627, 50.209352644902147 ], [ 18.682931412944722, 50.213839816450559 ], [ 18.686949110836011, 50.2183489310151 ], [ 18.682871779254207, 50.222836092054052 ], [ 18.686890223369726, 50.227345203072687 ], [ 18.682812115328264, 50.231832353601305 ], [ 18.686831306044045, 50.236341461075746 ], [ 18.682752421146908, 50.240828601093106 ], [ 18.686772358839239, 50.245337705025058 ], [ 18.682692696690136, 50.249824834530258 ], [ 18.68671338173554, 50.254333934921448 ], [ 18.682632941937921, 50.258821053913593 ], [ 18.686654374713171, 50.263330150765711 ], [ 18.682573156870227, 50.267817259243913 ], [ 18.686595337752344, 50.272326352558665 ], [ 18.682513341466986, 50.276813450521992 ], [ 18.686536270833241, 50.281322540301105 ], [ 18.682453495708128, 50.285809627748691 ], [ 18.686477173936037, 50.290318713993877 ], [ 18.682393619573556, 50.294805790924798 ], [ 18.686418047040874, 50.299314873637776 ], [ 18.68233371304315, 50.30380194005113 ], [ 18.686358890127895, 50.308311019233614 ], [ 18.682273776096782, 50.312798075128491 ], [ 18.686299703177212, 50.31730715078222 ], [ 18.682213808714305, 50.321794196157711 ], [ 18.68624048616892, 50.326303268284398 ], [ 18.682153810875537, 50.330790303139622 ], [ 18.686181239083098, 50.335299371740973 ], [ 18.682093782560301, 50.339786396075027 ] ] ], [ [ [ 18.707269271074747, 50.204907231739277 ], [ 18.711288519551285, 50.209415514317293 ], [ 18.707214232189191, 50.213903541611444 ], [ 18.711234227680457, 50.218411820377334 ], [ 18.707159165402061, 50.222899837434113 ], [ 18.711179908284613, 50.227408112389483 ], [ 18.707104070694921, 50.231896119208109 ], [ 18.711125561345568, 50.236404390354579 ], [ 18.707048948049309, 50.240892386934227 ], [ 18.711071186845111, 50.245400654273404 ], [ 18.706993797446756, 50.249888640613293 ], [ 18.711016784765015, 50.254396904146788 ], [ 18.706938618868772, 50.258884880246107 ], [ 18.710962355087037, 50.263393139975534 ], [ 18.706883412296854, 50.267881105833496 ], [ 18.710907897792918, 50.272389361760467 ], [ 18.70682817771247, 50.276877317376261 ], [ 18.710853412864385, 50.28138556950239 ], [ 18.706772915097087, 50.285873514875227 ], [ 18.710798900283145, 50.290381763202141 ], [ 18.706717624432144, 50.294869698331219 ], [ 18.710744360030883, 50.299377942860524 ], [ 18.706662305699073, 50.303865867745031 ], [ 18.71068979208928, 50.308374108478361 ], [ 18.70660695887927, 50.312862023117525 ], [ 18.710635196439991, 50.317370260056485 ], [ 18.706551583954138, 50.32185816444948 ], [ 18.710580573064657, 50.32636639759572 ], [ 18.706496180905049, 50.330854291741744 ], [ 18.710525921944896, 50.335362521096862 ], [ 18.706440749713359, 50.339850404995147 ], [ 18.710471243062329, 50.34435863056077 ], [ 18.706385290360409, 50.348846504210499 ], [ 18.710416536398533, 50.353354725988268 ], [ 18.706329802827529, 50.357842589388618 ], [ 18.710361801935086, 50.362350807380167 ], [ 18.706274287096015, 50.36683866053037 ], [ 18.710307039653546, 50.37134687473732 ], [ 18.706218743147165, 50.375834717636558 ], [ 18.710252249535451, 50.380342928060529 ], [ 18.706163170962249, 50.384830760708006 ], [ 18.710197431562328, 50.389338967350675 ], [ 18.706107570522523, 50.393826789745575 ], [ 18.710142585715676, 50.398334992608532 ], [ 18.706051941809225, 50.40282280475008 ], [ 18.710087711976989, 50.407331003834976 ], [ 18.705996284803572, 50.411818805722362 ], [ 18.710032810327739, 50.416327001030844 ], [ 18.705940599486773, 50.420814792663251 ], [ 18.709977880749378, 50.425322984196967 ], [ 18.705884885840014, 50.429810765573599 ], [ 18.709922923223353, 50.43431895333417 ], [ 18.705829143844465, 50.438806724454231 ], [ 18.709867937731072, 50.443314908443305 ], [ 18.705773373481275, 50.447802669306 ], [ 18.709812924253946, 50.452310849525226 ], [ 18.705717574731583, 50.456798600129744 ], [ 18.709757882773367, 50.461306776580763 ], [ 18.705661747576503, 50.465794516926294 ], [ 18.709702813270699, 50.470302689610769 ], [ 18.717840800107457, 50.470322701970453 ], [ 18.721883409923596, 50.474830450775173 ], [ 18.73002218245319, 50.474849612711466 ], [ 18.73411680077367, 50.470361019754222 ], [ 18.730073405657702, 50.465853691135209 ], [ 18.734167239071329, 50.461365088192871 ], [ 18.730124602795218, 50.456857755539723 ], [ 18.734217651703407, 50.45236914261298 ], [ 18.730175773883055, 50.447861805924141 ], [ 18.734268038686967, 50.443373183013698 ], [ 18.730226918938541, 50.438865842287626 ], [ 18.734318400039061, 50.434377209394178 ], [ 18.730278037978977, 50.429869864629325 ], [ 18.734368735776716, 50.425381221753575 ], [ 18.730329131021637, 50.420873872948398 ], [ 18.734419045916948, 50.416385220091037 ], [ 18.7303801980838, 50.411877867243994 ], [ 18.73446933047676, 50.407389204405725 ], [ 18.730431239182721, 50.402881847515275 ], [ 18.734519589473138, 50.398393174696793 ], [ 18.730482254335623, 50.393885813761393 ], [ 18.734569822923053, 50.38939713096341 ], [ 18.730533243559744, 50.384889765981519 ], [ 18.734620030843455, 50.380401073204709 ], [ 18.730584206872283, 50.375893704174807 ], [ 18.734670213251288, 50.371405001419866 ], [ 18.730635144290428, 50.366897628340404 ], [ 18.734720370163469, 50.362408915608057 ], [ 18.730686055831352, 50.357901538477499 ], [ 18.734770501596913, 50.353412815768429 ], [ 18.730736941512223, 50.348905434585262 ], [ 18.734820607568505, 50.344416701900137 ], [ 18.730787801350175, 50.339909316662812 ], [ 18.734870688095128, 50.335420574002377 ], [ 18.730838635362339, 50.33091318470936 ], [ 18.734920743193641, 50.326424432074297 ], [ 18.730889443565829, 50.321917038724074 ], [ 18.734970772880889, 50.317428276115052 ], [ 18.730940225977736, 50.312920878706109 ], [ 18.735020777173705, 50.308432106123838 ], [ 18.730990982615143, 50.303924704654641 ], [ 18.735070756088906, 50.299435922099832 ], [ 18.73104171349512, 50.294928516568831 ], [ 18.73512070964329, 50.290439724042166 ], [ 18.731092418634706, 50.285932314447869 ], [ 18.735170637853642, 50.281443511950044 ], [ 18.731143098050943, 50.276936098290925 ], [ 18.735220540736726, 50.272447285822658 ], [ 18.731193751760848, 50.267939868097194 ], [ 18.735270418309309, 50.263451045659153 ], [ 18.731244379781423, 50.258943623865818 ], [ 18.735320270588119, 50.254454791458706 ], [ 18.731294982129654, 50.249947365596007 ], [ 18.735370097589882, 50.24545852322052 ], [ 18.731345558822515, 50.240951093286931 ], [ 18.735419899331312, 50.236462240943773 ], [ 18.731396109876961, 50.231954806937772 ], [ 18.735469675829094, 50.227465944627639 ], [ 18.731446635309933, 50.222958506547705 ], [ 18.735519427099913, 50.218469634271294 ], [ 18.731497135138358, 50.213962192115943 ], [ 18.73556915316043, 50.209473309873928 ], [ 18.731547609379145, 50.204965863641647 ], [ 18.73561885402729, 50.200476971434739 ], [ 18.73159805804919, 50.195969521123999 ], [ 18.723506790531538, 50.195950546850604 ], [ 18.719487514951506, 50.191442676424394 ], [ 18.723558733660724, 50.186954196306196 ], [ 18.719540204736997, 50.182446321931607 ], [ 18.723610650483124, 50.177957831714572 ], [ 18.719592867839609, 50.173449953390055 ], [ 18.711505412147776, 50.173430149582131 ], [ 18.707434220506119, 50.177918217817798 ], [ 18.711451230195394, 50.182426511841797 ], [ 18.707379265214811, 50.186914569843267 ], [ 18.711397020790606, 50.191422860050324 ], [ 18.707324282077153, 50.19591090781681 ], [ 18.711342783915285, 50.20041919420855 ], [ 18.707269271074747, 50.204907231739277 ] ] ], [ [ [ 18.731396109876961, 50.231954806937772 ], [ 18.735419899331312, 50.236462240943773 ], [ 18.731345558822515, 50.240951093286931 ], [ 18.735370097589882, 50.24545852322052 ], [ 18.731294982129654, 50.249947365596007 ], [ 18.735320270588122, 50.254454791458706 ], [ 18.731244379781423, 50.258943623865818 ], [ 18.735270418309309, 50.263451045659153 ], [ 18.731193751760848, 50.267939868097194 ], [ 18.73522054073673, 50.272447285822665 ], [ 18.731143098050946, 50.276936098290925 ], [ 18.735170637853642, 50.281443511950044 ], [ 18.731092418634709, 50.285932314447869 ], [ 18.73512070964329, 50.290439724042166 ], [ 18.73104171349512, 50.294928516568831 ], [ 18.735070756088906, 50.299435922099832 ], [ 18.730990982615147, 50.303924704654641 ], [ 18.735020777173709, 50.308432106123838 ], [ 18.730940225977736, 50.312920878706109 ], [ 18.734970772880892, 50.317428276115052 ], [ 18.730889443565829, 50.321917038724074 ], [ 18.734920743193641, 50.326424432074297 ], [ 18.730838635362343, 50.33091318470936 ], [ 18.734870688095128, 50.335420574002377 ], [ 18.730787801350175, 50.339909316662812 ], [ 18.734820607568508, 50.344416701900137 ], [ 18.730736941512223, 50.348905434585262 ], [ 18.734770501596913, 50.353412815768429 ], [ 18.730686055831356, 50.357901538477499 ], [ 18.734720370163469, 50.362408915608057 ], [ 18.730635144290428, 50.366897628340404 ], [ 18.734670213251288, 50.371405001419866 ], [ 18.730584206872283, 50.375893704174807 ], [ 18.734620030843459, 50.380401073204709 ], [ 18.730533243559744, 50.384889765981519 ], [ 18.734569822923053, 50.38939713096341 ], [ 18.730482254335627, 50.393885813761393 ], [ 18.734519589473138, 50.398393174696793 ], [ 18.730431239182721, 50.402881847515275 ], [ 18.73446933047676, 50.407389204405725 ], [ 18.730380198083804, 50.411877867243994 ], [ 18.734419045916948, 50.416385220091037 ], [ 18.730329131021637, 50.420873872948398 ], [ 18.734368735776716, 50.425381221753575 ], [ 18.730278037978977, 50.429869864629325 ], [ 18.734318400039061, 50.434377209394178 ], [ 18.730226918938545, 50.438865842287626 ], [ 18.734268038686967, 50.443373183013698 ], [ 18.730175773883055, 50.447861805924141 ], [ 18.73421765170341, 50.45236914261298 ], [ 18.730124602795218, 50.456857755539723 ], [ 18.734167239071329, 50.461365088192871 ], [ 18.730073405657706, 50.465853691135209 ], [ 18.73411680077367, 50.470361019754222 ], [ 18.73002218245319, 50.474849612711466 ], [ 18.734066336793354, 50.479356937297887 ], [ 18.729970933164324, 50.483845520269341 ], [ 18.734015847113284, 50.488352840824717 ], [ 18.742156950270601, 50.48837115788367 ], [ 18.746203409932228, 50.492878053748854 ], [ 18.754345298414894, 50.492895519566254 ], [ 18.758439181252648, 50.488406083967895 ], [ 18.766580308552651, 50.488422692990511 ], [ 18.770672645661662, 50.483932821601137 ], [ 18.76662461692338, 50.479426767269089 ], [ 18.770716170280924, 50.474936886305279 ], [ 18.766668902740626, 50.470430827539211 ], [ 18.770759672747356, 50.465940937001498 ], [ 18.766713166019382, 50.46143487380003 ], [ 18.770803153075697, 50.456944973688948 ], [ 18.766757406774641, 50.452438906050688 ], [ 18.77084661128066, 50.44794899636679 ], [ 18.766801625021376, 50.443442924290316 ], [ 18.770890047376955, 50.438953005034129 ], [ 18.766845820774545, 50.434446928518057 ], [ 18.770933461379276, 50.429956999690141 ], [ 18.766889994049098, 50.425450918733091 ], [ 18.770976853302301, 50.420960980333966 ], [ 18.76693414485997, 50.416454894934517 ], [ 18.771020223160697, 50.411964946964737 ], [ 18.76697827322208, 50.407458857121519 ], [ 18.771063570969115, 50.402968899581637 ], [ 18.76702237915033, 50.398462805293249 ], [ 18.7711068967422, 50.393972838183778 ], [ 18.767066462659614, 50.389466739448842 ], [ 18.771150200494571, 50.384976762770336 ], [ 18.76711052376481, 50.380470659587445 ], [ 18.771193482240843, 50.375980673340457 ], [ 18.767154562480791, 50.37147456570824 ], [ 18.771236741995619, 50.36698456989329 ], [ 18.767198578822395, 50.362478457810376 ], [ 18.771279979773478, 50.35798845242801 ], [ 18.767242572804474, 50.353482335892991 ], [ 18.771323195589002, 50.348992320943765 ], [ 18.767286544441841, 50.344486199955249 ], [ 18.771366389456738, 50.339996175439701 ], [ 18.767330493749313, 50.335490049996331 ], [ 18.771409561391241, 50.331000015914988 ], [ 18.767374420741689, 50.326493886015378 ], [ 18.771452711407044, 50.322003842368808 ], [ 18.767418325433749, 50.31749770801158 ], [ 18.771495839518664, 50.313007654800288 ], [ 18.767462207840264, 50.308501515984055 ], [ 18.771538945740605, 50.304011453208609 ], [ 18.76750606797599, 50.299505309932016 ], [ 18.771582030087362, 50.295015237592949 ], [ 18.76754990585567, 50.290509089854602 ], [ 18.771625092573419, 50.286019007952454 ], [ 18.767593721494041, 50.281512855750975 ], [ 18.771668133213236, 50.277022764286308 ], [ 18.767637514905811, 50.272516607620339 ], [ 18.771711152021268, 50.268026506593664 ], [ 18.767681286105692, 50.263520345461842 ], [ 18.771754149011958, 50.259030234873698 ], [ 18.767725035108363, 50.254524069274652 ], [ 18.771797124199733, 50.250033949125609 ], [ 18.767768761928512, 50.245527779057966 ], [ 18.771840077599002, 50.241037649348549 ], [ 18.767812466580789, 50.236531474810924 ], [ 18.771883009224172, 50.23204133554168 ], [ 18.767856149079858, 50.227535156532731 ], [ 18.771925919089625, 50.223045007704179 ], [ 18.767899809440348, 50.218538824222563 ], [ 18.771968807209738, 50.214048665835271 ], [ 18.767943447676878, 50.20954247787958 ], [ 18.772011673598879, 50.205052309934082 ], [ 18.767987063804064, 50.200546117502967 ], [ 18.772054518271386, 50.196055939999816 ], [ 18.768030657836498, 50.191549743091947 ], [ 18.759940114124852, 50.191533307175284 ], [ 18.755871910682806, 50.196023062953103 ], [ 18.747780618381594, 50.19600577917663 ], [ 18.743710894525108, 50.200495103336692 ], [ 18.73561885402729, 50.200476971434739 ], [ 18.731547609379145, 50.204965863641647 ], [ 18.73556915316043, 50.209473309873928 ], [ 18.731497135138358, 50.213962192115943 ], [ 18.735519427099916, 50.218469634271294 ], [ 18.731446635309933, 50.222958506547705 ], [ 18.735469675829098, 50.227465944627639 ], [ 18.731396109876961, 50.231954806937772 ] ] ], [ [ [ 18.79234134507281, 50.182599267341004 ], [ 18.796366746092037, 50.187104631018322 ], [ 18.792302332104999, 50.191595670352015 ], [ 18.796328483268049, 50.196101029285877 ], [ 18.792263299367249, 50.200592059333225 ], [ 18.796290201052763, 50.205097413524882 ], [ 18.792224246846502, 50.209588434285457 ], [ 18.796251899433368, 50.214093783736168 ], [ 18.792185174529688, 50.218584795209516 ], [ 18.79621357839704, 50.223090139920537 ], [ 18.792146082403722, 50.227581142106217 ], [ 18.796175237930957, 50.232086482078842 ], [ 18.792106970455517, 50.2365774749764 ], [ 18.796136878022267, 50.241082810211871 ], [ 18.792067838671969, 50.245573793820903 ], [ 18.796098498658118, 50.250079124320486 ], [ 18.792028687039956, 50.254570098640542 ], [ 18.796060099825638, 50.259075424405481 ], [ 18.791989515546351, 50.263566389436136 ], [ 18.796021681511952, 50.26807171046773 ], [ 18.791950324178011, 50.272562666208522 ], [ 18.795983243704171, 50.277067982508029 ], [ 18.791911112921785, 50.281558928958525 ], [ 18.795944786389388, 50.286064240527224 ], [ 18.791871881764507, 50.290555177686997 ], [ 18.795906309554688, 50.295060484526154 ], [ 18.791832630693005, 50.299551412394756 ], [ 18.795867813187147, 50.304056714505649 ], [ 18.791793359694083, 50.308547633082625 ], [ 18.79582929727383, 50.31305293046654 ], [ 18.791754068754543, 50.317543839751472 ], [ 18.795790761801783, 50.32204913240966 ], [ 18.791714757861179, 50.326540032402114 ], [ 18.795752206758046, 50.331045320335868 ], [ 18.791675427000754, 50.335536211035397 ], [ 18.795713632129644, 50.340041494246002 ], [ 18.791636076160035, 50.344532375652165 ], [ 18.795675037903596, 50.349037654140886 ], [ 18.791596705325777, 50.353528526253257 ], [ 18.795636424066899, 50.358033800021374 ], [ 18.791557314484713, 50.362524662839505 ], [ 18.795597790606546, 50.367029931888325 ], [ 18.791517903623571, 50.371520785411768 ], [ 18.795559137509521, 50.376026049742556 ], [ 18.791478472729072, 50.380516893970885 ], [ 18.795520464762781, 50.385022153584927 ], [ 18.791439021787909, 50.389512988517723 ], [ 18.795481772353295, 50.394018243416312 ], [ 18.791399550786778, 50.398509069053112 ], [ 18.795443060267996, 50.403014319237521 ], [ 18.79136005971235, 50.407505135577885 ], [ 18.795404328493817, 50.412010381049427 ], [ 18.791320548551301, 50.416501188092937 ], [ 18.795365577017677, 50.421006428852891 ], [ 18.791281017290277, 50.425497226599092 ], [ 18.795326805826488, 50.430002462648744 ], [ 18.791241465915924, 50.434493251097209 ], [ 18.795288014907143, 50.43899848243786 ], [ 18.791201894414865, 50.443489261588141 ], [ 18.795249204246527, 50.447994488221077 ], [ 18.791162302773721, 50.45248525807277 ], [ 18.795210373831505, 50.456990479999284 ], [ 18.791122690979098, 50.461481240551919 ], [ 18.795171523648943, 50.465986457773312 ], [ 18.791083059017588, 50.470477209026463 ], [ 18.795132653685688, 50.474982421544034 ], [ 18.791043406875765, 50.479473163497268 ], [ 18.79509376392857, 50.48397837131234 ], [ 18.791003734540201, 50.488469103965187 ], [ 18.795054854364423, 50.492974307079017 ], [ 18.790964041997455, 50.497465030431108 ], [ 18.795015924980049, 50.501970228845018 ], [ 18.790924329234066, 50.506460942895849 ], [ 18.794976975762246, 50.51096613661116 ], [ 18.790884596236566, 50.515456841360312 ], [ 18.794938006697809, 50.519962030378316 ], [ 18.803084580733895, 50.519976092959979 ], [ 18.807176195932215, 50.515484962053797 ], [ 18.815322005246593, 50.515498167555748 ], [ 18.819412072325022, 50.511006601530269 ], [ 18.815357095079808, 50.506502255958004 ], [ 18.819446379554698, 50.502010680904945 ], [ 18.815392167043406, 50.497506330364949 ], [ 18.819480669314675, 50.493014746284636 ], [ 18.815427221149296, 50.488510390775687 ], [ 18.819514941616575, 50.484018797668476 ], [ 18.815462257409354, 50.479514437189373 ], [ 18.819549196472014, 50.475022835055583 ], [ 18.815497275835455, 50.470518469605139 ], [ 18.8195834338926, 50.466026858445098 ], [ 18.815532276439466, 50.461522488022119 ], [ 18.819617653889928, 50.457030867836167 ], [ 18.81556725923323, 50.452526492439425 ], [ 18.819651856475581, 50.448034863227903 ], [ 18.815602224228599, 50.443530482856225 ], [ 18.819686041661136, 50.439038844619446 ], [ 18.815637171437395, 50.434534459271646 ], [ 18.819720209458158, 50.430042812009958 ], [ 18.815672100871435, 50.425538421684827 ], [ 18.819754359878196, 50.421046765398543 ], [ 18.815707012542536, 50.416542370094895 ], [ 18.819788492932801, 50.412050704784377 ], [ 18.815741906462492, 50.407546304501004 ], [ 18.819822608633498, 50.403054630166572 ], [ 18.815776782643088, 50.398550224902309 ], [ 18.819856706991807, 50.39405854154429 ], [ 18.815811641096101, 50.389554131297935 ], [ 18.819890788019244, 50.385062438916663 ], [ 18.815846481833297, 50.38055802368703 ], [ 18.819924851727308, 50.37606632228286 ], [ 18.81588130486643, 50.371561902068756 ], [ 18.819958898127492, 50.367070191642 ], [ 18.815916110207247, 50.362565766442259 ], [ 18.819992927231269, 50.358074046993266 ], [ 18.815950897867474, 50.353569616806688 ], [ 18.820026939050113, 50.349077888335771 ], [ 18.81598566785884, 50.344573453161161 ], [ 18.820060933595485, 50.340081715668688 ], [ 18.816020420193052, 50.335577275504882 ], [ 18.820094910878826, 50.331085528991167 ], [ 18.81605515488182, 50.326581083836992 ], [ 18.820128870911578, 50.322089328302368 ], [ 18.816089871936821, 50.317584878156623 ], [ 18.820162813705171, 50.313093113601425 ], [ 18.816124571369745, 50.308588658462945 ], [ 18.820196739271015, 50.304096884887528 ], [ 18.816159253192257, 50.299592424755133 ], [ 18.820230647620523, 50.295100642159809 ], [ 18.816193917416015, 50.290596177032334 ], [ 18.820264538765088, 50.286104385417431 ], [ 18.816228564052668, 50.28159991529369 ], [ 18.820298412716092, 50.277108114659576 ], [ 18.816263193113851, 50.272603639538396 ], [ 18.820332269484918, 50.268111829885399 ], [ 18.816297804611189, 50.2636073497656 ], [ 18.820366109082926, 50.259115531094039 ], [ 18.816332398556309, 50.254611045974471 ], [ 18.820399931521472, 50.250119218284681 ], [ 18.816366974960804, 50.245614728164163 ], [ 18.8204337368119, 50.241122891456506 ], [ 18.816401533836274, 50.23661839633386 ], [ 18.820467524965544, 50.232126550608648 ], [ 18.816436075194304, 50.227622050482722 ], [ 18.820501295993729, 50.22313019574031 ], [ 18.816470599046461, 50.21862569060994 ], [ 18.820535049907765, 50.214133826850642 ], [ 18.816505105404318, 50.209629316714654 ], [ 18.820568786718958, 50.205137443938831 ], [ 18.816539594279419, 50.200632928796054 ], [ 18.820602506438597, 50.196141047004026 ], [ 18.816574065683312, 50.19163652685333 ], [ 18.820636209077968, 50.187144636045424 ], [ 18.816608519627525, 50.182640110885622 ], [ 18.82066989464834, 50.178148211062208 ], [ 18.816642956123584, 50.173643680892127 ], [ 18.820703563160979, 50.169151772053532 ], [ 18.816677375182991, 50.164647236872042 ], [ 18.820737214627137, 50.1601553190186 ], [ 18.816711776817254, 50.155650778824516 ], [ 18.82077084905805, 50.151158851956545 ], [ 18.816746161037859, 50.146654306748751 ], [ 18.820804466464949, 50.142162370866615 ], [ 18.816780527856288, 50.137657820643916 ], [ 18.808699050372692, 50.137644790047716 ], [ 18.804639995917771, 50.142136305542351 ], [ 18.808663167718507, 50.146641272020055 ], [ 18.804603346071968, 50.151132778365763 ], [ 18.796519603730772, 50.151118897646214 ], [ 18.792458265486996, 50.155609974120885 ], [ 18.796481418344122, 50.160115352036165 ], [ 18.792419311750781, 50.164606419226253 ], [ 18.796443213617295, 50.169111792394283 ], [ 18.792380338283728, 50.173602850299346 ], [ 18.796404989537525, 50.178108218721398 ], [ 18.79234134507281, 50.182599267341004 ] ] ], [ [ [ 18.76807422978877, 50.182553354645655 ], [ 18.772097341241601, 50.187059556031649 ], [ 18.768030657836501, 50.191549743091947 ], [ 18.772054518271386, 50.196055939999816 ], [ 18.767987063804064, 50.200546117502967 ], [ 18.772011673598879, 50.205052309934082 ], [ 18.767943447676878, 50.20954247787958 ], [ 18.771968807209742, 50.214048665835271 ], [ 18.767899809440348, 50.218538824222563 ], [ 18.771925919089625, 50.223045007704179 ], [ 18.767856149079858, 50.227535156532731 ], [ 18.771883009224172, 50.23204133554168 ], [ 18.767812466580793, 50.236531474810924 ], [ 18.771840077599002, 50.241037649348549 ], [ 18.767768761928512, 50.245527779057966 ], [ 18.771797124199733, 50.250033949125609 ], [ 18.767725035108366, 50.254524069274652 ], [ 18.771754149011958, 50.259030234873698 ], [ 18.767681286105692, 50.263520345461842 ], [ 18.771711152021268, 50.268026506593664 ], [ 18.767637514905815, 50.272516607620339 ], [ 18.771668133213236, 50.277022764286308 ], [ 18.767593721494041, 50.281512855750975 ], [ 18.771625092573419, 50.286019007952454 ], [ 18.767549905855674, 50.290509089854602 ], [ 18.771582030087366, 50.295015237592949 ], [ 18.76750606797599, 50.299505309932016 ], [ 18.771538945740605, 50.304011453208609 ], [ 18.767462207840264, 50.308501515984055 ], [ 18.771495839518664, 50.313007654800288 ], [ 18.767418325433749, 50.31749770801158 ], [ 18.771452711407044, 50.322003842368808 ], [ 18.767374420741689, 50.326493886015378 ], [ 18.771409561391245, 50.331000015914988 ], [ 18.767330493749313, 50.335490049996331 ], [ 18.771366389456738, 50.339996175439701 ], [ 18.767286544441841, 50.344486199955249 ], [ 18.771323195589002, 50.348992320943765 ], [ 18.767242572804474, 50.353482335892991 ], [ 18.771279979773478, 50.35798845242801 ], [ 18.767198578822399, 50.362478457810376 ], [ 18.771236741995619, 50.36698456989329 ], [ 18.767154562480791, 50.37147456570824 ], [ 18.771193482240843, 50.375980673340457 ], [ 18.76711052376481, 50.380470659587445 ], [ 18.771150200494571, 50.384976762770336 ], [ 18.767066462659614, 50.389466739448842 ], [ 18.7711068967422, 50.393972838183778 ], [ 18.76702237915033, 50.398462805293249 ], [ 18.771063570969115, 50.402968899581637 ], [ 18.76697827322208, 50.407458857121519 ], [ 18.771020223160697, 50.411964946964737 ], [ 18.76693414485997, 50.416454894934517 ], [ 18.770976853302301, 50.420960980333966 ], [ 18.766889994049102, 50.425450918733091 ], [ 18.770933461379276, 50.429956999690141 ], [ 18.766845820774549, 50.434446928518057 ], [ 18.770890047376955, 50.438953005034129 ], [ 18.766801625021376, 50.443442924290316 ], [ 18.77084661128066, 50.44794899636679 ], [ 18.766757406774641, 50.452438906050688 ], [ 18.770803153075697, 50.456944973688948 ], [ 18.766713166019382, 50.46143487380003 ], [ 18.77075967274736, 50.465940937001498 ], [ 18.766668902740626, 50.470430827539211 ], [ 18.770716170280924, 50.474936886305279 ], [ 18.766624616923384, 50.479426767269089 ], [ 18.770672645661662, 50.483932821601137 ], [ 18.766580308552651, 50.488422692990511 ], [ 18.770629098874828, 50.492928742889944 ], [ 18.778771010327187, 50.492944500393719 ], [ 18.782821346779169, 50.497450124719876 ], [ 18.778728987881593, 50.50194041268513 ], [ 18.770585529905659, 50.501924650172583 ], [ 18.766491624090648, 50.506414502411438 ], [ 18.770541938739377, 50.510920543449892 ], [ 18.778686944026774, 50.510936310973129 ], [ 18.782738806381087, 50.515441926170944 ], [ 18.778644878748477, 50.519932195258541 ], [ 18.782697504634633, 50.524437805894237 ], [ 18.790844842991469, 50.52445272582537 ], [ 18.794938006697809, 50.519962030378316 ], [ 18.790884596236566, 50.515456841360312 ], [ 18.794976975762246, 50.51096613661116 ], [ 18.790924329234066, 50.506460942895849 ], [ 18.795015924980049, 50.501970228845018 ], [ 18.790964041997455, 50.497465030431108 ], [ 18.79505485436442, 50.492974307079017 ], [ 18.791003734540201, 50.488469103965187 ], [ 18.79509376392857, 50.48397837131234 ], [ 18.791043406875762, 50.479473163497268 ], [ 18.795132653685688, 50.474982421544034 ], [ 18.791083059017584, 50.470477209026463 ], [ 18.795171523648943, 50.465986457773312 ], [ 18.791122690979098, 50.461481240551919 ], [ 18.795210373831505, 50.456990479999284 ], [ 18.791162302773721, 50.45248525807277 ], [ 18.795249204246524, 50.447994488221077 ], [ 18.791201894414865, 50.443489261588141 ], [ 18.795288014907143, 50.43899848243786 ], [ 18.791241465915924, 50.434493251097209 ], [ 18.795326805826488, 50.430002462648744 ], [ 18.791281017290277, 50.425497226599092 ], [ 18.795365577017677, 50.421006428852891 ], [ 18.791320548551301, 50.416501188092937 ], [ 18.795404328493817, 50.412010381049427 ], [ 18.79136005971235, 50.407505135577885 ], [ 18.795443060267996, 50.403014319237521 ], [ 18.791399550786775, 50.398509069053112 ], [ 18.795481772353291, 50.394018243416312 ], [ 18.791439021787909, 50.389512988517723 ], [ 18.795520464762781, 50.385022153584927 ], [ 18.791478472729072, 50.380516893970885 ], [ 18.795559137509517, 50.376026049742556 ], [ 18.791517903623571, 50.371520785411768 ], [ 18.795597790606546, 50.367029931888325 ], [ 18.791557314484709, 50.362524662839505 ], [ 18.795636424066899, 50.358033800021374 ], [ 18.791596705325777, 50.353528526253257 ], [ 18.795675037903596, 50.349037654140886 ], [ 18.791636076160035, 50.344532375652165 ], [ 18.795713632129644, 50.340041494246002 ], [ 18.791675427000751, 50.335536211035397 ], [ 18.795752206758046, 50.331045320335868 ], [ 18.791714757861175, 50.326540032402114 ], [ 18.795790761801783, 50.32204913240966 ], [ 18.791754068754543, 50.317543839751472 ], [ 18.79582929727383, 50.31305293046654 ], [ 18.791793359694083, 50.308547633082625 ], [ 18.795867813187147, 50.304056714505649 ], [ 18.791832630693005, 50.299551412394756 ], [ 18.795906309554688, 50.295060484526154 ], [ 18.791871881764507, 50.290555177686997 ], [ 18.795944786389384, 50.286064240527224 ], [ 18.791911112921785, 50.281558928958525 ], [ 18.795983243704168, 50.277067982508029 ], [ 18.791950324178011, 50.272562666208522 ], [ 18.796021681511952, 50.26807171046773 ], [ 18.791989515546348, 50.263566389436136 ], [ 18.796060099825638, 50.259075424405481 ], [ 18.792028687039956, 50.254570098640542 ], [ 18.796098498658115, 50.250079124320486 ], [ 18.792067838671969, 50.245573793820903 ], [ 18.796136878022267, 50.241082810211871 ], [ 18.792106970455517, 50.2365774749764 ], [ 18.796175237930957, 50.232086482078842 ], [ 18.792146082403722, 50.227581142106217 ], [ 18.79621357839704, 50.223090139920537 ], [ 18.792185174529688, 50.218584795209516 ], [ 18.796251899433368, 50.214093783736168 ], [ 18.792224246846502, 50.209588434285457 ], [ 18.796290201052759, 50.205097413524882 ], [ 18.792263299367249, 50.200592059333225 ], [ 18.796328483268049, 50.196101029285877 ], [ 18.792302332104999, 50.191595670352015 ], [ 18.796366746092033, 50.187104631018322 ], [ 18.79234134507281, 50.182599267341004 ], [ 18.796404989537525, 50.178108218721398 ], [ 18.792380338283728, 50.173602850299346 ], [ 18.796443213617295, 50.169111792394283 ], [ 18.792419311750781, 50.164606419226253 ], [ 18.796481418344122, 50.160115352036165 ], [ 18.792458265486996, 50.155609974120885 ], [ 18.784373774514105, 50.155595247144838 ], [ 18.78031091929557, 50.160085893413765 ], [ 18.772225680081636, 50.160070319915611 ], [ 18.768161307511075, 50.164560535644029 ], [ 18.772182922132423, 50.169066745990357 ], [ 18.768117779675443, 50.173556952163274 ], [ 18.772140142523842, 50.178063158028777 ], [ 18.76807422978877, 50.182553354645655 ] ] ], [ [ [ 18.841233307136985, 50.074717663540568 ], [ 18.845254283862914, 50.079221412757562 ], [ 18.84120359326641, 50.083714259169511 ], [ 18.845225317914743, 50.088218003098802 ], [ 18.84117386436581, 50.092710840767928 ], [ 18.845196337313745, 50.097214579410569 ], [ 18.841144120425295, 50.10170740833663 ], [ 18.833068682039386, 50.101696079168882 ], [ 18.829014952752029, 50.106188479766615 ], [ 18.820938766076722, 50.106176306211459 ], [ 18.816883524013146, 50.110668278146896 ], [ 18.820905216653752, 50.115172843421185 ], [ 18.816849209332478, 50.119664806343806 ], [ 18.8208716502516, 50.124169366599745 ], [ 18.816814877284006, 50.128661320509202 ], [ 18.820838066859064, 50.133165875747963 ], [ 18.816780527856288, 50.137657820643916 ], [ 18.820804466464949, 50.142162370866615 ], [ 18.816746161037862, 50.146654306748751 ], [ 18.82077084905805, 50.151158851956545 ], [ 18.816711776817254, 50.155650778824516 ], [ 18.820737214627137, 50.1601553190186 ], [ 18.816677375182994, 50.164647236872042 ], [ 18.820703563160979, 50.169151772053532 ], [ 18.816642956123584, 50.173643680892127 ], [ 18.820669894648344, 50.178148211062208 ], [ 18.816608519627525, 50.182640110885622 ], [ 18.820636209077968, 50.187144636045424 ], [ 18.816574065683312, 50.19163652685333 ], [ 18.820602506438597, 50.196141047004026 ], [ 18.816539594279419, 50.200632928796054 ], [ 18.820568786718958, 50.205137443938831 ], [ 18.816505105404318, 50.209629316714654 ], [ 18.820535049907765, 50.214133826850642 ], [ 18.816470599046461, 50.21862569060994 ], [ 18.820501295993729, 50.22313019574031 ], [ 18.816436075194304, 50.227622050482722 ], [ 18.820467524965544, 50.232126550608648 ], [ 18.816401533836274, 50.23661839633386 ], [ 18.8204337368119, 50.241122891456506 ], [ 18.816366974960804, 50.245614728164163 ], [ 18.820399931521472, 50.250119218284681 ], [ 18.816332398556309, 50.254611045974471 ], [ 18.820366109082926, 50.259115531094039 ], [ 18.816297804611192, 50.2636073497656 ], [ 18.820332269484918, 50.268111829885399 ], [ 18.816263193113851, 50.272603639538396 ], [ 18.820298412716095, 50.277108114659576 ], [ 18.816228564052668, 50.28159991529369 ], [ 18.820264538765088, 50.286104385417431 ], [ 18.816193917416015, 50.290596177032334 ], [ 18.820230647620523, 50.295100642159809 ], [ 18.816159253192257, 50.299592424755133 ], [ 18.820196739271019, 50.304096884887528 ], [ 18.816124571369745, 50.308588658462945 ], [ 18.820162813705171, 50.313093113601425 ], [ 18.816089871936825, 50.317584878156623 ], [ 18.820128870911578, 50.322089328302368 ], [ 18.81605515488182, 50.326581083836992 ], [ 18.820094910878826, 50.331085528991167 ], [ 18.816020420193055, 50.335577275504882 ], [ 18.820060933595485, 50.340081715668688 ], [ 18.81598566785884, 50.344573453161161 ], [ 18.820026939050116, 50.349077888335771 ], [ 18.815950897867477, 50.353569616806688 ], [ 18.819992927231269, 50.358074046993266 ], [ 18.815916110207247, 50.362565766442259 ], [ 18.819958898127492, 50.367070191642 ], [ 18.81588130486643, 50.371561902068756 ], [ 18.819924851727311, 50.37606632228286 ], [ 18.815846481833297, 50.38055802368703 ], [ 18.819890788019244, 50.385062438916663 ], [ 18.815811641096101, 50.389554131297935 ], [ 18.819856706991807, 50.39405854154429 ], [ 18.815776782643088, 50.398550224902309 ], [ 18.819822608633498, 50.403054630166572 ], [ 18.815741906462492, 50.407546304501004 ], [ 18.819788492932801, 50.412050704784377 ], [ 18.815707012542536, 50.416542370094895 ], [ 18.819754359878196, 50.421046765398543 ], [ 18.815672100871435, 50.425538421684827 ], [ 18.819720209458161, 50.430042812009958 ], [ 18.815637171437395, 50.434534459271646 ], [ 18.819686041661136, 50.439038844619446 ], [ 18.815602224228599, 50.443530482856225 ], [ 18.819651856475581, 50.448034863227903 ], [ 18.815567259233234, 50.452526492439425 ], [ 18.819617653889928, 50.457030867836167 ], [ 18.815532276439466, 50.461522488022119 ], [ 18.8195834338926, 50.466026858445098 ], [ 18.815497275835458, 50.470518469605139 ], [ 18.819549196472014, 50.475022835055583 ], [ 18.815462257409354, 50.479514437189373 ], [ 18.819514941616578, 50.484018797668476 ], [ 18.815427221149296, 50.488510390775687 ], [ 18.819480669314679, 50.493014746284636 ], [ 18.815392167043409, 50.497506330364949 ], [ 18.819446379554702, 50.502010680904945 ], [ 18.815357095079808, 50.506502255958004 ], [ 18.819412072325022, 50.511006601530269 ], [ 18.815322005246596, 50.515498167555748 ], [ 18.819377747613999, 50.520002508161468 ], [ 18.827524339932037, 50.52001486077927 ], [ 18.831581630819638, 50.524518774321265 ], [ 18.82749154664279, 50.529010757344444 ], [ 18.831549603830329, 50.533514665786896 ], [ 18.839698528078195, 50.533526168903116 ], [ 18.843787845560399, 50.529033759920225 ], [ 18.851936002718872, 50.529044405949207 ], [ 18.856023770881041, 50.524551562455251 ], [ 18.851964149242246, 50.520048498689661 ], [ 18.856051135968045, 50.515555646578434 ], [ 18.851992281428505, 50.511052577442413 ], [ 18.856078487117067, 50.506559716714072 ], [ 18.852020399287198, 50.502056642206561 ], [ 18.856105824337387, 50.497563772861319 ], [ 18.852048502827863, 50.493060692981246 ], [ 18.856133147638278, 50.488567815019273 ], [ 18.85207659206003, 50.484064729765613 ], [ 18.856160457029002, 50.47957184318706 ], [ 18.852104666993217, 50.475068752558762 ], [ 18.856187752518814, 50.470575857363812 ], [ 18.852132727636942, 50.466072761359825 ], [ 18.856215034116961, 50.461579857548656 ], [ 18.852160774000705, 50.457076756167936 ], [ 18.85624230183268, 50.452583843740747 ], [ 18.852188806094002, 50.448080736982241 ], [ 18.856269555675201, 50.443587815939189 ], [ 18.852216823926319, 50.439084703801839 ], [ 18.856296795653748, 50.434591774143108 ], [ 18.852244827507139, 50.430088656625905 ], [ 18.856324021777528, 50.425595718351673 ], [ 18.852272816845925, 50.421092595453544 ], [ 18.856351234055751, 50.416599648563981 ], [ 18.852300791952135, 50.412096520283903 ], [ 18.85637843249761, 50.407603564779194 ], [ 18.852328752835227, 50.403100431116137 ], [ 18.856405617112298, 50.398607466996459 ], [ 18.852356699504643, 50.394104327949343 ], [ 18.856432787908982, 50.389611355214882 ], [ 18.852384631969816, 50.385108210782711 ], [ 18.856459944896841, 50.380615229433637 ], [ 18.852412550240171, 50.376112079615353 ], [ 18.856487088085039, 50.371619089651851 ], [ 18.852440454325126, 50.367115934446431 ], [ 18.856514217482722, 50.362622935868679 ], [ 18.85246834423409, 50.358119775275071 ], [ 18.856541333099045, 50.353626768083245 ], [ 18.852496219976462, 50.349123602100434 ], [ 18.856568434943142, 50.344630586294706 ], [ 18.85252408156164, 50.340127414921668 ], [ 18.856595523024136, 50.335634390502229 ], [ 18.852551928998995, 50.331131213737898 ], [ 18.856622597351155, 50.326638180704947 ], [ 18.852579762297907, 50.322134998548322 ], [ 18.856649657933307, 50.317641956901994 ], [ 18.852607581467748, 50.313138769352037 ], [ 18.856676704779701, 50.308645719092546 ], [ 18.852635386517864, 50.304142526148247 ], [ 18.856703737899426, 50.299649467275763 ], [ 18.852663177457615, 50.295146268936072 ], [ 18.85673075730157, 50.290653201450802 ], [ 18.852690954296332, 50.286149997714681 ], [ 18.856757762995215, 50.281656921616779 ], [ 18.852718717043349, 50.277153712483219 ], [ 18.856784754989434, 50.272660627772886 ], [ 18.852746465707991, 50.268157413240878 ], [ 18.856811733293284, 50.263664319918284 ], [ 18.852774200299571, 50.259161099986784 ], [ 18.856838697915826, 50.254667998052099 ], [ 18.8528019208274, 50.250164772720112 ], [ 18.856865648866098, 50.245671662173542 ], [ 18.852829627300764, 50.24116843144003 ], [ 18.85689258615314, 50.23667531228174 ], [ 18.852857319728969, 50.232172076145687 ], [ 18.856919509785985, 50.227678948375882 ], [ 18.852884998121279, 50.223175706836251 ], [ 18.856946419773653, 50.218682570455123 ], [ 18.852912662486979, 50.214179323510919 ], [ 18.856973316125156, 50.209686178518609 ], [ 18.852940312835322, 50.205182926168824 ], [ 18.857000198849498, 50.200689772565539 ], [ 18.852967949175575, 50.196186514809142 ], [ 18.857027067955677, 50.191693352595102 ], [ 18.852995571516978, 50.187190089431077 ], [ 18.857053923452682, 50.182696918606403 ], [ 18.853023179868767, 50.178193650033755 ], [ 18.857080765349494, 50.173700470598654 ], [ 18.853050774240181, 50.169197196616359 ], [ 18.85710759365508, 50.164704008571043 ], [ 18.853078354640434, 50.160200729178094 ], [ 18.85713440837841, 50.155707532522726 ], [ 18.853105921078743, 50.151204247718113 ], [ 18.857161209528439, 50.146711042452871 ], [ 18.853133473564309, 50.142207752235592 ], [ 18.857187997114114, 50.137714538360697 ], [ 18.853161012106341, 50.133211242729736 ], [ 18.857214771144367, 50.128718020245337 ], [ 18.853188536714008, 50.124214719199699 ], [ 18.857241531628141, 50.119721488105995 ], [ 18.853216047396508, 50.115218181644664 ], [ 18.857268278574356, 50.110724941941839 ], [ 18.853243544163, 50.106221630063828 ], [ 18.857295011991926, 50.101728381752089 ], [ 18.853271027022654, 50.097225064456367 ], [ 18.857321731889755, 50.092731807535884 ], [ 18.853298495984621, 50.088228484821464 ], [ 18.857348438276745, 50.083735219292436 ], [ 18.85332595105805, 50.079231891158329 ], [ 18.857375131161792, 50.074738617020934 ], [ 18.853353392252082, 50.070235283466126 ], [ 18.857401810553771, 50.065742000720547 ], [ 18.853380819575847, 50.061238661744042 ], [ 18.845312171839335, 50.061228189983375 ], [ 18.841263005987422, 50.065721053880274 ], [ 18.845283235167901, 50.070224808386023 ], [ 18.841233307136985, 50.074717663540568 ] ] ], [ [ [ 18.852132727636942, 50.466072761359825 ], [ 18.856187752518814, 50.470575857363812 ], [ 18.85210466699322, 50.475068752558762 ], [ 18.856160457029002, 50.47957184318706 ], [ 18.85207659206003, 50.484064729765613 ], [ 18.856133147638278, 50.488567815019273 ], [ 18.852048502827863, 50.493060692981246 ], [ 18.856105824337391, 50.497563772861319 ], [ 18.852020399287198, 50.502056642206561 ], [ 18.856078487117067, 50.506559716714072 ], [ 18.851992281428508, 50.511052577442413 ], [ 18.856051135968048, 50.515555646578434 ], [ 18.864196977101933, 50.515565432679381 ], [ 18.868282415686643, 50.511072146533834 ], [ 18.876427489322449, 50.511081076360639 ], [ 18.880511380156051, 50.506587356520441 ], [ 18.876450965118902, 50.50208513206821 ], [ 18.880534076491916, 50.497591403884378 ], [ 18.876474428961114, 50.493089173789741 ], [ 18.880556761271354, 50.48859543726234 ], [ 18.876497880857045, 50.48409320152436 ], [ 18.880579434502064, 50.47959945665346 ], [ 18.876521320814643, 50.475097215271191 ], [ 18.880602096191716, 50.470603462056864 ], [ 18.876544748841848, 50.46610121502934 ], [ 18.880624746347998, 50.461607453471665 ], [ 18.876568164946598, 50.457105200797969 ], [ 18.88064738497858, 50.452611430897015 ], [ 18.876591569136817, 50.448109172576196 ], [ 18.88067001209112, 50.443615394332035 ], [ 18.876614961420426, 50.439113130363133 ], [ 18.880692627693275, 50.434619343775843 ], [ 18.876638341805343, 50.430117074157934 ], [ 18.880715231792696, 50.425623279227594 ], [ 18.876661710299466, 50.421121003959726 ], [ 18.88073782439702, 50.416627200686392 ], [ 18.876685066910699, 50.412124919767628 ], [ 18.880760405513886, 50.407631108151385 ], [ 18.876708411646931, 50.4031288215808 ], [ 18.880782975150918, 50.398635001621734 ], [ 18.87673174451605, 50.394132709398356 ], [ 18.880805533315744, 50.389638881096545 ], [ 18.876755065525927, 50.385136583219463 ], [ 18.88082808001597, 50.380642746574956 ], [ 18.876778374684434, 50.376140443043241 ], [ 18.880850615259206, 50.371646598056145 ], [ 18.876801671999434, 50.367144288868829 ], [ 18.880873139053051, 50.362650435539216 ], [ 18.876824957478785, 50.358148120695382 ], [ 18.880895651405101, 50.353654259023322 ], [ 18.876848231130332, 50.349151938522049 ], [ 18.880918152322945, 50.344658068507606 ], [ 18.876871492961918, 50.340155742347946 ], [ 18.880940641814149, 50.33566186399122 ], [ 18.876894742981374, 50.331159532172251 ], [ 18.880963119886299, 50.326665645473312 ], [ 18.876917981196527, 50.322163307994103 ], [ 18.880985586546952, 50.317669412953023 ], [ 18.8769412076152, 50.313167069812636 ], [ 18.881008041803668, 50.3086731664295 ], [ 18.876964422245202, 50.304170817627032 ], [ 18.881030485663999, 50.299676905901926 ], [ 18.87698762509434, 50.295174551436418 ], [ 18.881052918135492, 50.290680631369405 ], [ 18.877010816170412, 50.286178271239955 ], [ 18.881075339225685, 50.28168434283112 ], [ 18.877033995481209, 50.277181977036797 ], [ 18.881097748942103, 50.272688040286234 ], [ 18.877057163034515, 50.268185668826106 ], [ 18.881120147292279, 50.263691723733892 ], [ 18.877080318838107, 50.259189346607037 ], [ 18.881142534283725, 50.254695393173236 ], [ 18.877103462899754, 50.25019301037873 ], [ 18.881164909923946, 50.245699048603448 ], [ 18.877126595227221, 50.241196660140389 ], [ 18.881187274220455, 50.236702690023684 ], [ 18.87714971582826, 50.232200295891154 ], [ 18.881209627180741, 50.22770631743311 ], [ 18.877172824710623, 50.223203917630173 ], [ 18.881231968812301, 50.218709930830897 ], [ 18.877195921882045, 50.214207525356628 ], [ 18.881254299122613, 50.20971353021617 ], [ 18.877219007350273, 50.205211119069673 ], [ 18.881276618119159, 50.200717115588134 ], [ 18.877242081123022, 50.196214698768486 ], [ 18.881298925809396, 50.191720686945963 ], [ 18.877265143208021, 50.187218264452241 ], [ 18.881321222200803, 50.182724244288785 ], [ 18.877288193612976, 50.178221816120093 ], [ 18.881343507300819, 50.173727787615803 ], [ 18.877311232345601, 50.169225353771225 ], [ 18.881365781116909, 50.164731316926186 ], [ 18.87733425941359, 50.160228877404805 ], [ 18.881388043656504, 50.155734832219096 ], [ 18.877357274824636, 50.151232387020002 ], [ 18.881410294927043, 50.146738333493715 ], [ 18.877380278586426, 50.142235882616013 ], [ 18.881432534935957, 50.137741820749227 ], [ 18.877403270706637, 50.133239364191994 ], [ 18.881454763690659, 50.1287452939848 ], [ 18.87742625119294, 50.124242831747111 ], [ 18.881476981198581, 50.119748753199602 ], [ 18.877449220053002, 50.115246285280584 ], [ 18.881499187467117, 50.110752198392824 ], [ 18.877472177294479, 50.106249724791574 ], [ 18.881521382503671, 50.101755629563662 ], [ 18.877495122925023, 50.097253150279244 ], [ 18.881543566315642, 50.092759046711272 ], [ 18.87751805695228, 50.08825656174281 ], [ 18.881565738910417, 50.083762449834865 ], [ 18.877540979383877, 50.079259959181428 ], [ 18.881587900295379, 50.074765838933594 ], [ 18.877563890227449, 50.070263342594323 ], [ 18.881610050477899, 50.065769214006671 ], [ 18.877586789490625, 50.061266711980643 ], [ 18.869518128655752, 50.061257922743415 ], [ 18.865471219706212, 50.065751632746561 ], [ 18.857401810553775, 50.065742000720547 ], [ 18.853353392252082, 50.070235283466126 ], [ 18.857375131161792, 50.074738617020934 ], [ 18.853325951058054, 50.079231891158329 ], [ 18.857348438276748, 50.083735219292436 ], [ 18.853298495984621, 50.088228484821464 ], [ 18.857321731889755, 50.092731807535884 ], [ 18.853271027022654, 50.097225064456367 ], [ 18.857295011991926, 50.101728381752089 ], [ 18.853243544163, 50.106221630063828 ], [ 18.857268278574359, 50.110724941941839 ], [ 18.853216047396508, 50.115218181644664 ], [ 18.857241531628144, 50.119721488105995 ], [ 18.853188536714008, 50.124214719199699 ], [ 18.857214771144371, 50.128718020245337 ], [ 18.853161012106341, 50.133211242729736 ], [ 18.857187997114114, 50.137714538360697 ], [ 18.853133473564313, 50.142207752235592 ], [ 18.857161209528442, 50.146711042452871 ], [ 18.853105921078743, 50.151204247718113 ], [ 18.857134408378414, 50.155707532522726 ], [ 18.853078354640434, 50.160200729178094 ], [ 18.85710759365508, 50.164704008571043 ], [ 18.853050774240181, 50.169197196616359 ], [ 18.857080765349494, 50.173700470598654 ], [ 18.853023179868767, 50.178193650033755 ], [ 18.857053923452682, 50.182696918606403 ], [ 18.852995571516978, 50.187190089431077 ], [ 18.857027067955677, 50.191693352595102 ], [ 18.852967949175575, 50.196186514809142 ], [ 18.857000198849498, 50.200689772565539 ], [ 18.852940312835326, 50.205182926168824 ], [ 18.856973316125156, 50.209686178518609 ], [ 18.852912662486979, 50.214179323510919 ], [ 18.856946419773653, 50.218682570455123 ], [ 18.852884998121279, 50.223175706836251 ], [ 18.856919509785985, 50.227678948375882 ], [ 18.852857319728969, 50.232172076145687 ], [ 18.856892586153144, 50.23667531228174 ], [ 18.852829627300768, 50.24116843144003 ], [ 18.856865648866098, 50.245671662173542 ], [ 18.8528019208274, 50.250164772720112 ], [ 18.856838697915826, 50.254667998052099 ], [ 18.852774200299571, 50.259161099986784 ], [ 18.856811733293284, 50.263664319918284 ], [ 18.852746465707995, 50.268157413240878 ], [ 18.856784754989434, 50.272660627772886 ], [ 18.852718717043352, 50.277153712483219 ], [ 18.856757762995219, 50.281656921616779 ], [ 18.852690954296332, 50.286149997714681 ], [ 18.85673075730157, 50.290653201450802 ], [ 18.852663177457615, 50.295146268936072 ], [ 18.856703737899426, 50.299649467275763 ], [ 18.852635386517864, 50.304142526148247 ], [ 18.856676704779701, 50.308645719092546 ], [ 18.852607581467748, 50.313138769352037 ], [ 18.856649657933307, 50.317641956901994 ], [ 18.852579762297907, 50.322134998548322 ], [ 18.856622597351155, 50.326638180704947 ], [ 18.852551928998995, 50.331131213737898 ], [ 18.856595523024136, 50.335634390502229 ], [ 18.85252408156164, 50.340127414921668 ], [ 18.856568434943142, 50.344630586294706 ], [ 18.852496219976466, 50.349123602100434 ], [ 18.856541333099045, 50.353626768083245 ], [ 18.85246834423409, 50.358119775275071 ], [ 18.856514217482722, 50.362622935868679 ], [ 18.852440454325126, 50.367115934446431 ], [ 18.856487088085039, 50.371619089651851 ], [ 18.852412550240171, 50.376112079615353 ], [ 18.856459944896844, 50.380615229433637 ], [ 18.852384631969816, 50.385108210782711 ], [ 18.856432787908982, 50.389611355214882 ], [ 18.852356699504643, 50.394104327949343 ], [ 18.856405617112298, 50.398607466996459 ], [ 18.852328752835227, 50.403100431116137 ], [ 18.85637843249761, 50.407603564779194 ], [ 18.852300791952135, 50.412096520283903 ], [ 18.856351234055751, 50.416599648563981 ], [ 18.852272816845925, 50.421092595453544 ], [ 18.856324021777528, 50.425595718351673 ], [ 18.852244827507139, 50.430088656625905 ], [ 18.856296795653751, 50.434591774143108 ], [ 18.852216823926323, 50.439084703801839 ], [ 18.856269555675205, 50.443587815939189 ], [ 18.852188806094002, 50.448080736982241 ], [ 18.85624230183268, 50.452583843740747 ], [ 18.852160774000705, 50.457076756167936 ], [ 18.856215034116961, 50.461579857548656 ], [ 18.852132727636942, 50.466072761359825 ] ] ], [ [ [ 18.87751805695228, 50.08825656174281 ], [ 18.881543566315642, 50.092759046711272 ], [ 18.877495122925023, 50.097253150279244 ], [ 18.881521382503674, 50.101755629563662 ], [ 18.877472177294482, 50.106249724791574 ], [ 18.881499187467117, 50.110752198392824 ], [ 18.877449220053002, 50.115246285280584 ], [ 18.881476981198581, 50.119748753199602 ], [ 18.87742625119294, 50.124242831747111 ], [ 18.881454763690662, 50.1287452939848 ], [ 18.877403270706637, 50.133239364191994 ], [ 18.881432534935957, 50.137741820749227 ], [ 18.877380278586426, 50.142235882616013 ], [ 18.881410294927043, 50.146738333493715 ], [ 18.877357274824636, 50.151232387020002 ], [ 18.881388043656504, 50.155734832219096 ], [ 18.87733425941359, 50.160228877404805 ], [ 18.881365781116909, 50.164731316926186 ], [ 18.877311232345601, 50.169225353771225 ], [ 18.881343507300823, 50.173727787615803 ], [ 18.877288193612976, 50.178221816120093 ], [ 18.881321222200803, 50.182724244288785 ], [ 18.877265143208021, 50.187218264452241 ], [ 18.8812989258094, 50.191720686945963 ], [ 18.877242081123025, 50.196214698768486 ], [ 18.881276618119159, 50.200717115588134 ], [ 18.877219007350273, 50.205211119069673 ], [ 18.881254299122617, 50.20971353021617 ], [ 18.877195921882048, 50.214207525356628 ], [ 18.881231968812301, 50.218709930830897 ], [ 18.877172824710623, 50.223203917630173 ], [ 18.881209627180745, 50.22770631743311 ], [ 18.87714971582826, 50.232200295891154 ], [ 18.881187274220459, 50.236702690023684 ], [ 18.877126595227221, 50.241196660140389 ], [ 18.881164909923946, 50.245699048603448 ], [ 18.877103462899754, 50.25019301037873 ], [ 18.881142534283725, 50.254695393173236 ], [ 18.877080318838111, 50.259189346607037 ], [ 18.881120147292279, 50.263691723733892 ], [ 18.877057163034518, 50.268185668826106 ], [ 18.881097748942107, 50.272688040286234 ], [ 18.877033995481209, 50.277181977036797 ], [ 18.881075339225685, 50.28168434283112 ], [ 18.877010816170415, 50.286178271239955 ], [ 18.881052918135495, 50.290680631369405 ], [ 18.87698762509434, 50.295174551436418 ], [ 18.881030485664002, 50.299676905901926 ], [ 18.876964422245202, 50.304170817627032 ], [ 18.881008041803668, 50.3086731664295 ], [ 18.8769412076152, 50.313167069812636 ], [ 18.880985586546952, 50.317669412953023 ], [ 18.876917981196527, 50.322163307994103 ], [ 18.880963119886299, 50.326665645473312 ], [ 18.876894742981374, 50.331159532172251 ], [ 18.880940641814149, 50.33566186399122 ], [ 18.876871492961918, 50.340155742347946 ], [ 18.880918152322945, 50.344658068507606 ], [ 18.876848231130335, 50.349151938522049 ], [ 18.880895651405105, 50.353654259023322 ], [ 18.876824957478785, 50.358148120695382 ], [ 18.880873139053055, 50.362650435539216 ], [ 18.876801671999438, 50.367144288868829 ], [ 18.880850615259209, 50.371646598056145 ], [ 18.876778374684434, 50.376140443043241 ], [ 18.880828080015974, 50.380642746574956 ], [ 18.876755065525927, 50.385136583219463 ], [ 18.880805533315744, 50.389638881096545 ], [ 18.87673174451605, 50.394132709398356 ], [ 18.880782975150922, 50.398635001621734 ], [ 18.876708411646931, 50.4031288215808 ], [ 18.880760405513886, 50.407631108151385 ], [ 18.876685066910699, 50.412124919767628 ], [ 18.88073782439702, 50.416627200686392 ], [ 18.876661710299466, 50.421121003959726 ], [ 18.880715231792696, 50.425623279227594 ], [ 18.876638341805343, 50.430117074157934 ], [ 18.880692627693278, 50.434619343775843 ], [ 18.876614961420426, 50.439113130363133 ], [ 18.88067001209112, 50.443615394332035 ], [ 18.876591569136817, 50.448109172576196 ], [ 18.88064738497858, 50.452611430897015 ], [ 18.876568164946598, 50.457105200797969 ], [ 18.880624746347998, 50.461607453471665 ], [ 18.876544748841848, 50.46610121502934 ], [ 18.880602096191716, 50.470603462056864 ], [ 18.876521320814643, 50.475097215271191 ], [ 18.880579434502064, 50.47959945665346 ], [ 18.876497880857045, 50.48409320152436 ], [ 18.880556761271354, 50.48859543726234 ], [ 18.888697973864712, 50.48860350595502 ], [ 18.892778760389433, 50.484109336345583 ], [ 18.900919205469059, 50.484116549848892 ], [ 18.904998446598263, 50.479621947496696 ], [ 18.900938010427236, 50.475120556177252 ], [ 18.90501647446473, 50.470625945754293 ], [ 18.900956805814118, 50.466124548519744 ], [ 18.905034493156144, 50.461629930026007 ], [ 18.900975591636069, 50.457128526875522 ], [ 18.905052502678593, 50.452633900310943 ], [ 18.900994367899447, 50.448132491243669 ], [ 18.905070503038182, 50.443637856608255 ], [ 18.901013134610611, 50.439136441623354 ], [ 18.905088494241003, 50.434641798917049 ], [ 18.901031891775908, 50.430140378013668 ], [ 18.905106476293135, 50.425645727236464 ], [ 18.901050639401674, 50.421144300413779 ], [ 18.90512444920066, 50.416649641565627 ], [ 18.901069377494252, 50.412148208822799 ], [ 18.905142412969646, 50.407653541903677 ], [ 18.901088106059976, 50.403152103239876 ], [ 18.905160367606168, 50.398657428249756 ], [ 18.90110682510516, 50.394155983664106 ], [ 18.905178313116288, 50.389661300602988 ], [ 18.901125534636137, 50.385159850094688 ], [ 18.905196249506062, 50.380665158962493 ], [ 18.90114423465921, 50.376163702530718 ], [ 18.905214176781541, 50.371669003327462 ], [ 18.901162925180692, 50.36716754097133 ], [ 18.905232094948769, 50.362672833696983 ], [ 18.901181606206883, 50.358171365415693 ], [ 18.905250004013787, 50.35367665007022 ], [ 18.901200277744078, 50.349175175862946 ], [ 18.905267903982633, 50.344680452446305 ], [ 18.901218939798575, 50.340178972312202 ], [ 18.905285794861335, 50.335684240824399 ], [ 18.901237592376649, 50.331182754762629 ], [ 18.905303676655912, 50.326688015203644 ], [ 18.901256235484585, 50.322186523213396 ], [ 18.905321549372392, 50.317691775583164 ], [ 18.901274869128653, 50.313190277663608 ], [ 18.905339413016783, 50.308695521962129 ], [ 18.901293493315123, 50.304194018112433 ], [ 18.905357267595086, 50.2996992543397 ], [ 18.901312108050259, 50.295197744559012 ], [ 18.905375113113315, 50.290702972714989 ], [ 18.901330713340311, 50.28620145700252 ], [ 18.905392949577461, 50.281706677087172 ], [ 18.901349309191538, 50.27720515544209 ], [ 18.905410776993509, 50.27271036745541 ], [ 18.901367895610175, 50.268208839876891 ], [ 18.905428595367457, 50.263714043818851 ], [ 18.901386472602471, 50.259212510306064 ], [ 18.90544640470527, 50.254717706176649 ], [ 18.901405040174648, 50.250216166728769 ], [ 18.905464205012937, 50.245721354527959 ], [ 18.901423598332943, 50.241219809144177 ], [ 18.90548199629642, 50.236724988871941 ], [ 18.901442147083579, 50.23222343755144 ], [ 18.905499778561683, 50.227728609207752 ], [ 18.901460686432763, 50.223227051949699 ], [ 18.905517551814686, 50.218732215534587 ], [ 18.901479216386711, 50.214230652338159 ], [ 18.905535316061378, 50.209735807851551 ], [ 18.901497736951633, 50.205234238715953 ], [ 18.905553071307715, 50.200739386157849 ], [ 18.901516248133721, 50.196237811082256 ], [ 18.905570817559628, 50.19174295045265 ], [ 18.901534749939174, 50.187241369436236 ], [ 18.905588554823062, 50.182746500735099 ], [ 18.901553242374177, 50.178244913777064 ], [ 18.905606283103946, 50.173750037004375 ], [ 18.901571725444914, 50.169248444103907 ], [ 18.905624002408203, 50.164753559259644 ], [ 18.90159019915756, 50.160251960415927 ], [ 18.905641712741755, 50.155757067500097 ], [ 18.901608663518289, 50.151255462712307 ], [ 18.90565941411052, 50.146760561724868 ], [ 18.901627118533266, 50.142258950992222 ], [ 18.905677106520407, 50.137764041933167 ], [ 18.901645564208646, 50.133262425254841 ], [ 18.905694789977318, 50.128767508124163 ], [ 18.901664000550593, 50.124265885499334 ], [ 18.905712464487152, 50.119770960297018 ], [ 18.901682427565248, 50.115269331724889 ], [ 18.905730130055808, 50.110774398450928 ], [ 18.901700845258759, 50.106272763930697 ], [ 18.905747786689165, 50.101777822585049 ], [ 18.901719253637264, 50.09727618211592 ], [ 18.905765434393111, 50.092781232698584 ], [ 18.901737652706888, 50.088279586279747 ], [ 18.905783073173527, 50.083784628790717 ], [ 18.901756042473767, 50.079282976421354 ], [ 18.905800703036277, 50.074788010860615 ], [ 18.901774422944015, 50.070286352539945 ], [ 18.905818323987237, 50.06579137890747 ], [ 18.901792794123754, 50.061289714634675 ], [ 18.905835936032265, 50.056794732930477 ], [ 18.901811156019086, 50.052293062704756 ], [ 18.893743992974834, 50.052285958248866 ], [ 18.889700101597327, 50.056780521767131 ], [ 18.881632189465353, 50.056772575053287 ], [ 18.877586789490625, 50.061266711980643 ], [ 18.881610050477899, 50.065769214006671 ], [ 18.877563890227453, 50.070263342594323 ], [ 18.881587900295379, 50.074765838933594 ], [ 18.877540979383877, 50.079259959181428 ], [ 18.881565738910417, 50.083762449834865 ], [ 18.87751805695228, 50.08825656174281 ] ] ], [ [ [ 18.901774422944015, 50.070286352539945 ], [ 18.905800703036277, 50.074788010860615 ], [ 18.901756042473767, 50.079282976421354 ], [ 18.905783073173527, 50.083784628790717 ], [ 18.901737652706888, 50.088279586279747 ], [ 18.905765434393111, 50.092781232698584 ], [ 18.901719253637264, 50.09727618211592 ], [ 18.905747786689165, 50.101777822585049 ], [ 18.901700845258759, 50.106272763930697 ], [ 18.905730130055808, 50.110774398450928 ], [ 18.901682427565248, 50.115269331724889 ], [ 18.905712464487156, 50.119770960297018 ], [ 18.901664000550593, 50.124265885499334 ], [ 18.905694789977318, 50.128767508124163 ], [ 18.901645564208646, 50.133262425254841 ], [ 18.905677106520407, 50.137764041933167 ], [ 18.901627118533266, 50.142258950992222 ], [ 18.90565941411052, 50.146760561724868 ], [ 18.901608663518289, 50.151255462712307 ], [ 18.905641712741758, 50.155757067500097 ], [ 18.90159019915756, 50.160251960415927 ], [ 18.905624002408203, 50.164753559259644 ], [ 18.901571725444914, 50.169248444103907 ], [ 18.905606283103946, 50.173750037004375 ], [ 18.901553242374177, 50.178244913777064 ], [ 18.905588554823062, 50.182746500735099 ], [ 18.901534749939177, 50.187241369436236 ], [ 18.905570817559628, 50.19174295045265 ], [ 18.901516248133724, 50.196237811082256 ], [ 18.905553071307715, 50.200739386157849 ], [ 18.901497736951637, 50.205234238715953 ], [ 18.905535316061378, 50.209735807851551 ], [ 18.901479216386711, 50.214230652338159 ], [ 18.905517551814686, 50.218732215534587 ], [ 18.901460686432763, 50.223227051949699 ], [ 18.905499778561683, 50.227728609207752 ], [ 18.901442147083579, 50.23222343755144 ], [ 18.90548199629642, 50.236724988871941 ], [ 18.901423598332943, 50.241219809144177 ], [ 18.905464205012937, 50.245721354527959 ], [ 18.901405040174648, 50.250216166728769 ], [ 18.905446404705273, 50.254717706176649 ], [ 18.901386472602471, 50.259212510306064 ], [ 18.905428595367457, 50.263714043818851 ], [ 18.901367895610175, 50.268208839876891 ], [ 18.905410776993509, 50.27271036745541 ], [ 18.901349309191538, 50.27720515544209 ], [ 18.905392949577461, 50.281706677087172 ], [ 18.901330713340315, 50.28620145700252 ], [ 18.905375113113315, 50.290702972714989 ], [ 18.901312108050259, 50.295197744559012 ], [ 18.90535726759509, 50.2996992543397 ], [ 18.901293493315123, 50.304194018112433 ], [ 18.905339413016783, 50.308695521962129 ], [ 18.901274869128656, 50.313190277663608 ], [ 18.905321549372392, 50.317691775583164 ], [ 18.901256235484585, 50.322186523213396 ], [ 18.905303676655915, 50.326688015203644 ], [ 18.901237592376649, 50.331182754762629 ], [ 18.905285794861335, 50.335684240824399 ], [ 18.901218939798575, 50.340178972312202 ], [ 18.905267903982633, 50.344680452446305 ], [ 18.901200277744081, 50.349175175862946 ], [ 18.905250004013787, 50.35367665007022 ], [ 18.901181606206883, 50.358171365415693 ], [ 18.905232094948769, 50.362672833696983 ], [ 18.901162925180692, 50.36716754097133 ], [ 18.905214176781541, 50.371669003327462 ], [ 18.90114423465921, 50.376163702530718 ], [ 18.905196249506062, 50.380665158962493 ], [ 18.901125534636137, 50.385159850094688 ], [ 18.905178313116291, 50.389661300602988 ], [ 18.901106825105163, 50.394155983664106 ], [ 18.905160367606168, 50.398657428249756 ], [ 18.901088106059976, 50.403152103239876 ], [ 18.905142412969646, 50.407653541903677 ], [ 18.901069377494252, 50.412148208822799 ], [ 18.90512444920066, 50.416649641565627 ], [ 18.901050639401674, 50.421144300413779 ], [ 18.905106476293138, 50.425645727236464 ], [ 18.901031891775908, 50.430140378013668 ], [ 18.905088494241003, 50.434641798917049 ], [ 18.901013134610611, 50.439136441623354 ], [ 18.905070503038186, 50.443637856608255 ], [ 18.900994367899447, 50.448132491243669 ], [ 18.905052502678593, 50.452633900310943 ], [ 18.900975591636072, 50.457128526875522 ], [ 18.905034493156144, 50.461629930026007 ], [ 18.900956805814118, 50.466124548519744 ], [ 18.90501647446473, 50.470625945754293 ], [ 18.900938010427236, 50.475120556177252 ], [ 18.904998446598263, 50.479621947496696 ], [ 18.900919205469059, 50.484116549848892 ], [ 18.904980409550625, 50.488617935254084 ], [ 18.913121632118411, 50.488624295859367 ], [ 18.917200104943671, 50.484129269038128 ], [ 18.925340558814071, 50.484134774723081 ], [ 18.929404085391727, 50.488635308978999 ], [ 18.937545315572482, 50.488639961492495 ], [ 18.941621473509549, 50.484144078271555 ], [ 18.937557171014983, 50.479643966736496 ], [ 18.941632553428544, 50.475148075853319 ], [ 18.937569020422853, 50.470647957998118 ], [ 18.941643627708107, 50.466152059452504 ], [ 18.937580863800104, 50.461651935276507 ], [ 18.941654696351982, 50.457156029068258 ], [ 18.937592701150752, 50.452655898570761 ], [ 18.941665759363921, 50.448159984699707 ], [ 18.937604532478797, 50.443659847880006 ], [ 18.94167681674767, 50.439163926345962 ], [ 18.937616357788251, 50.434663783203384 ], [ 18.941687868506964, 50.430167854006172 ], [ 18.937628177083106, 50.425667704540025 ], [ 18.941698914645539, 50.421171767679454 ], [ 18.937639990367359, 50.416671611889043 ], [ 18.941709955167134, 50.412175667364927 ], [ 18.937651797645003, 50.407675505249586 ], [ 18.941720990075481, 50.403179553061747 ], [ 18.937663598920029, 50.398679384620777 ], [ 18.941732019374296, 50.394183424769032 ], [ 18.937675394196415, 50.389683250001738 ], [ 18.941743043067312, 50.385187282485923 ], [ 18.937687183478147, 50.380687101391622 ], [ 18.941754061158246, 50.376191126211538 ], [ 18.937698966769204, 50.37169093878957 ], [ 18.941765073650817, 50.367194955945031 ], [ 18.937710744073556, 50.362694762194693 ], [ 18.941776080548731, 50.358198771685544 ], [ 18.937722515395176, 50.353698571606181 ], [ 18.941787081855708, 50.349202573432216 ], [ 18.937734280738031, 50.344702367023103 ], [ 18.941798077575445, 50.340206361184187 ], [ 18.937746040106084, 50.335706148444665 ], [ 18.941809067711652, 50.331210134940569 ], [ 18.937757793503291, 50.326709915869991 ], [ 18.941820052268024, 50.32221389470056 ], [ 18.937769540933612, 50.3177136692982 ], [ 18.94183103124826, 50.313217640463272 ], [ 18.937781282400994, 50.308717408728462 ], [ 18.941842004656049, 50.304221372227858 ], [ 18.937793017909392, 50.299721134159945 ], [ 18.941852972495088, 50.295225089993473 ], [ 18.937804747462746, 50.290724845591761 ], [ 18.94186393476906, 50.28622879375925 ], [ 18.937816471064998, 50.281728543023064 ], [ 18.941874891481643, 50.277232483524344 ], [ 18.93782818872009, 50.27273222645303 ], [ 18.94188584263652, 50.26823615928793 ], [ 18.937839900431953, 50.263735895880792 ], [ 18.941896788237369, 50.259239821049128 ], [ 18.937851606204518, 50.254739551305519 ], [ 18.941907728287859, 50.25024346880712 ], [ 18.937863306041709, 50.245743192726351 ], [ 18.941918662791661, 50.241247102561054 ], [ 18.937874999947454, 50.236746820142457 ], [ 18.941929591752441, 50.232250722310084 ], [ 18.937886687925673, 50.227750433552984 ], [ 18.941940515173865, 50.223254328053365 ], [ 18.937898369980278, 50.218754032957115 ], [ 18.94195143305959, 50.214257919790086 ], [ 18.937910046115185, 50.209757618353983 ], [ 18.94196234541327, 50.205261497519359 ], [ 18.937921716334301, 50.200761189742764 ], [ 18.941973252238558, 50.196265061240396 ], [ 18.937933380641535, 50.191764747122633 ], [ 18.94198415353911, 50.187268610952337 ], [ 18.937945039040791, 50.182768290492746 ], [ 18.94199504931856, 50.178272146654351 ], [ 18.937956691535959, 50.173771819852256 ], [ 18.942005939580561, 50.169275668345605 ], [ 18.937968338130936, 50.164775335200368 ], [ 18.942016824328746, 50.16027917602527 ], [ 18.93797997882962, 50.155778836536207 ], [ 18.942027703566758, 50.151282669692506 ], [ 18.937991613635898, 50.146782323858965 ], [ 18.942038577298227, 50.142286149346511 ], [ 18.938003242553648, 50.13778579716783 ], [ 18.942049445526781, 50.133289614986438 ], [ 18.938014865586752, 50.128789256461957 ], [ 18.942060308256046, 50.12429306661145 ], [ 18.938026482739094, 50.119792701740508 ], [ 18.942071165489647, 50.115296504220758 ], [ 18.938038094014541, 50.11079613300268 ], [ 18.942082017231201, 50.106299927813517 ], [ 18.938049699416968, 50.101799550247655 ], [ 18.942092863484326, 50.097303337388887 ], [ 18.938061298950238, 50.092802953474603 ], [ 18.942103704252638, 50.08830673294608 ], [ 18.938072892618216, 50.083806342682706 ], [ 18.942114539539741, 50.079310114484265 ], [ 18.938084480424763, 50.07480971787114 ], [ 18.942125369349245, 50.070313482002618 ], [ 18.938096062373731, 50.06581307903911 ], [ 18.942136193684753, 50.061316835500342 ], [ 18.938107638468974, 50.056816426185776 ], [ 18.942147012549867, 50.0523201749766 ], [ 18.938119208714348, 50.047819759310329 ], [ 18.930052787772009, 50.047815178583463 ], [ 18.926012662692052, 50.052311012071144 ], [ 18.917945491131796, 50.052305589616374 ], [ 18.913903857826863, 50.056800997378922 ], [ 18.905835936032265, 50.056794732930477 ], [ 18.901792794123757, 50.061289714634675 ], [ 18.905818323987237, 50.06579137890747 ], [ 18.901774422944015, 50.070286352539945 ] ] ], [ [ [ 18.937746040106084, 50.335706148444665 ], [ 18.941798077575445, 50.340206361184187 ], [ 18.937734280738034, 50.344702367023103 ], [ 18.941787081855708, 50.349202573432216 ], [ 18.93772251539518, 50.353698571606181 ], [ 18.941776080548731, 50.358198771685544 ], [ 18.937710744073556, 50.362694762194693 ], [ 18.941765073650817, 50.367194955945031 ], [ 18.937698966769204, 50.37169093878957 ], [ 18.941754061158246, 50.376191126211538 ], [ 18.937687183478147, 50.380687101391622 ], [ 18.941743043067312, 50.385187282485923 ], [ 18.937675394196415, 50.389683250001738 ], [ 18.941732019374296, 50.394183424769032 ], [ 18.937663598920029, 50.398679384620777 ], [ 18.941720990075481, 50.403179553061747 ], [ 18.937651797645003, 50.407675505249586 ], [ 18.941709955167138, 50.412175667364927 ], [ 18.937639990367359, 50.416671611889043 ], [ 18.941698914645542, 50.421171767679454 ], [ 18.937628177083106, 50.425667704540025 ], [ 18.941687868506964, 50.430167854006172 ], [ 18.937616357788251, 50.434663783203384 ], [ 18.94167681674767, 50.439163926345962 ], [ 18.937604532478797, 50.443659847880006 ], [ 18.941665759363925, 50.448159984699707 ], [ 18.937592701150752, 50.452655898570761 ], [ 18.941654696351982, 50.457156029068258 ], [ 18.937580863800108, 50.461651935276507 ], [ 18.941643627708107, 50.466152059452504 ], [ 18.937569020422853, 50.470647957998118 ], [ 18.941632553428544, 50.475148075853319 ], [ 18.937557171014983, 50.479643966736496 ], [ 18.941621473509549, 50.484144078271555 ], [ 18.949761933810031, 50.484147876134372 ], [ 18.953836546341449, 50.479651561255231 ], [ 18.949771468716744, 50.475151872509421 ], [ 18.953845306511294, 50.470655550103928 ], [ 18.949780998770393, 50.466155854902375 ], [ 18.953854062222749, 50.461659524970273 ], [ 18.949790523974212, 50.457159823312338 ], [ 18.953862813478786, 50.452663485853407 ], [ 18.949800044331422, 50.448163777738458 ], [ 18.953871560282359, 50.443667432752463 ], [ 18.949809559845249, 50.439167718179846 ], [ 18.953880302636431, 50.434671365666539 ], [ 18.94981907051891, 50.430171644635628 ], [ 18.953889040543963, 50.425675284594803 ], [ 18.949828576355621, 50.421175557104945 ], [ 18.953897774007903, 50.416679189536332 ], [ 18.949838077358596, 50.412179455586902 ], [ 18.953906503031206, 50.407683080490294 ], [ 18.949847573531041, 50.403183340080673 ], [ 18.953915227616815, 50.398686957455823 ], [ 18.94985706487617, 50.394187210585336 ], [ 18.953923947767684, 50.389690820432016 ], [ 18.949866551397186, 50.385191067100081 ], [ 18.95393266348675, 50.380694669418062 ], [ 18.949876033097283, 50.376194909623997 ], [ 18.953941374776957, 50.371698504413047 ], [ 18.949885509979666, 50.367198738156254 ], [ 18.953950081641246, 50.362702325416137 ], [ 18.949894982047528, 50.358202552695957 ], [ 18.953958784082545, 50.353706132426474 ], [ 18.949904449304064, 50.349206353242288 ], [ 18.953967482103788, 50.344709925443162 ], [ 18.949913911752457, 50.340210139794358 ], [ 18.953976175707904, 50.335713704465384 ], [ 18.949923369395901, 50.331213912351309 ], [ 18.953984864897826, 50.326717469492273 ], [ 18.949932822237578, 50.322217670912302 ], [ 18.953993549676476, 50.317721220522955 ], [ 18.949942270280669, 50.313221415476477 ], [ 18.954002230046775, 50.308724957556585 ], [ 18.94995171352835, 50.30422514604296 ], [ 18.954010906011639, 50.299728680592324 ], [ 18.949961151983793, 50.295228862610927 ], [ 18.954019577573991, 50.290732389629298 ], [ 18.949970585650181, 50.28623256517951 ], [ 18.95402824473674, 50.281736084666669 ], [ 18.94998001453067, 50.277236253747866 ], [ 18.954036907502797, 50.272739765703598 ], [ 18.949989438628439, 50.268239928315161 ], [ 18.954045565875074, 50.263743432739219 ], [ 18.949998857946643, 50.259243588880516 ], [ 18.954054219856477, 50.254747085772699 ], [ 18.950008272488446, 50.250247235443105 ], [ 18.954062869449903, 50.24575072480318 ], [ 18.950017682257002, 50.241250868002091 ], [ 18.954071514658256, 50.236754349829837 ], [ 18.950027087255467, 50.23225448655662 ], [ 18.954080155484441, 50.227757960851811 ], [ 18.950036487487001, 50.223258091105848 ], [ 18.954088791931341, 50.218761557868277 ], [ 18.95004588295474, 50.214261681648949 ], [ 18.954097424001858, 50.209765140878368 ], [ 18.950055273661842, 50.205265258185065 ], [ 18.954106051698876, 50.200768709881288 ], [ 18.950064659611446, 50.196268820713371 ], [ 18.954114675025288, 50.191772264876164 ], [ 18.950074040806687, 50.18727236923305 ], [ 18.954123293983976, 50.182775805862185 ], [ 18.95008341725071, 50.178275903743248 ], [ 18.954131908577818, 50.173779332838492 ], [ 18.950092788946648, 50.169279424243122 ], [ 18.954140518809702, 50.164782845804275 ], [ 18.950102155897628, 50.160282930731846 ], [ 18.954149124682498, 50.15578634475871 ], [ 18.950111518106791, 50.151286423208603 ], [ 18.954157726199085, 50.146789829700914 ], [ 18.950120875577255, 50.142289901672548 ], [ 18.95416632336233, 50.137793300630143 ], [ 18.95013022831214, 50.133293366122885 ], [ 18.954174916175106, 50.128796757545494 ], [ 18.950139576314573, 50.124296816558747 ], [ 18.95418350464028, 50.1198002004462 ], [ 18.950148919587665, 50.115300252979324 ], [ 18.954192088760713, 50.110803629331393 ], [ 18.950158258134543, 50.106303675383813 ], [ 18.954200668539265, 50.101807044200264 ], [ 18.950167591958309, 50.097307083771369 ], [ 18.954209243978802, 50.092810445052002 ], [ 18.950176921062074, 50.088310478141182 ], [ 18.954217815082171, 50.083813831885784 ], [ 18.950186245448943, 50.079313858492419 ], [ 18.954226381852227, 50.074817204700771 ], [ 18.950195565122026, 50.070317224824272 ], [ 18.954234944291827, 50.065820563496167 ], [ 18.950204880084421, 50.06132057713593 ], [ 18.954243502403816, 50.05682390827117 ], [ 18.950214190339224, 50.05232391542657 ], [ 18.954252056191038, 50.047827239024919 ], [ 18.950223495889528, 50.043327239695387 ], [ 18.942157825948179, 50.043323500430596 ], [ 18.938119208714351, 50.047819759310329 ], [ 18.942147012549867, 50.0523201749766 ], [ 18.938107638468978, 50.056816426185776 ], [ 18.942136193684753, 50.061316835500342 ], [ 18.938096062373731, 50.06581307903911 ], [ 18.942125369349245, 50.070313482002618 ], [ 18.938084480424763, 50.07480971787114 ], [ 18.942114539539741, 50.079310114484265 ], [ 18.938072892618219, 50.083806342682706 ], [ 18.942103704252638, 50.08830673294608 ], [ 18.938061298950238, 50.092802953474603 ], [ 18.942092863484326, 50.097303337388887 ], [ 18.938049699416968, 50.101799550247655 ], [ 18.942082017231201, 50.106299927813517 ], [ 18.938038094014541, 50.11079613300268 ], [ 18.942071165489647, 50.115296504220758 ], [ 18.938026482739094, 50.119792701740508 ], [ 18.942060308256046, 50.12429306661145 ], [ 18.938014865586752, 50.128789256461957 ], [ 18.942049445526781, 50.133289614986438 ], [ 18.938003242553648, 50.13778579716783 ], [ 18.942038577298227, 50.142286149346511 ], [ 18.937991613635898, 50.146782323858965 ], [ 18.942027703566762, 50.151282669692506 ], [ 18.93797997882962, 50.155778836536207 ], [ 18.94201682432875, 50.16027917602527 ], [ 18.93796833813094, 50.164775335200368 ], [ 18.942005939580561, 50.169275668345605 ], [ 18.937956691535959, 50.173771819852256 ], [ 18.94199504931856, 50.178272146654351 ], [ 18.937945039040791, 50.182768290492746 ], [ 18.94198415353911, 50.187268610952337 ], [ 18.937933380641539, 50.191764747122633 ], [ 18.941973252238558, 50.196265061240396 ], [ 18.937921716334301, 50.200761189742764 ], [ 18.94196234541327, 50.205261497519359 ], [ 18.937910046115185, 50.209757618353983 ], [ 18.94195143305959, 50.214257919790086 ], [ 18.937898369980278, 50.218754032957115 ], [ 18.941940515173865, 50.223254328053365 ], [ 18.937886687925673, 50.227750433552984 ], [ 18.941929591752444, 50.232250722310084 ], [ 18.937874999947457, 50.236746820142457 ], [ 18.941918662791661, 50.241247102561054 ], [ 18.937863306041713, 50.245743192726351 ], [ 18.941907728287859, 50.25024346880712 ], [ 18.937851606204518, 50.254739551305519 ], [ 18.941896788237369, 50.259239821049128 ], [ 18.937839900431953, 50.263735895880792 ], [ 18.94188584263652, 50.26823615928793 ], [ 18.937828188720093, 50.27273222645303 ], [ 18.941874891481643, 50.277232483524344 ], [ 18.937816471064998, 50.281728543023064 ], [ 18.94186393476906, 50.28622879375925 ], [ 18.937804747462746, 50.290724845591761 ], [ 18.941852972495088, 50.295225089993473 ], [ 18.937793017909392, 50.299721134159945 ], [ 18.941842004656049, 50.304221372227858 ], [ 18.937781282400994, 50.308717408728462 ], [ 18.94183103124826, 50.313217640463272 ], [ 18.937769540933612, 50.3177136692982 ], [ 18.941820052268024, 50.32221389470056 ], [ 18.937757793503295, 50.326709915869991 ], [ 18.941809067711652, 50.331210134940569 ], [ 18.937746040106084, 50.335706148444665 ] ] ], [ [ [ 18.950204880084421, 50.06132057713593 ], [ 18.95423494429183, 50.065820563496167 ], [ 18.950195565122026, 50.070317224824272 ], [ 18.954226381852227, 50.074817204700771 ], [ 18.950186245448947, 50.079313858492419 ], [ 18.954217815082171, 50.083813831885784 ], [ 18.950176921062077, 50.088310478141182 ], [ 18.954209243978802, 50.092810445052002 ], [ 18.950167591958309, 50.097307083771369 ], [ 18.954200668539265, 50.101807044200264 ], [ 18.950158258134543, 50.106303675383813 ], [ 18.954192088760713, 50.110803629331393 ], [ 18.950148919587669, 50.115300252979324 ], [ 18.95418350464028, 50.1198002004462 ], [ 18.950139576314573, 50.124296816558747 ], [ 18.954174916175109, 50.128796757545494 ], [ 18.95013022831214, 50.133293366122885 ], [ 18.954166323362333, 50.137793300630143 ], [ 18.950120875577255, 50.142289901672548 ], [ 18.954157726199085, 50.146789829700914 ], [ 18.950111518106795, 50.151286423208603 ], [ 18.954149124682498, 50.15578634475871 ], [ 18.950102155897632, 50.160282930731846 ], [ 18.954140518809705, 50.164782845804275 ], [ 18.950092788946648, 50.169279424243122 ], [ 18.954131908577821, 50.173779332838492 ], [ 18.95008341725071, 50.178275903743248 ], [ 18.954123293983976, 50.182775805862185 ], [ 18.950074040806687, 50.18727236923305 ], [ 18.954114675025288, 50.191772264876164 ], [ 18.950064659611446, 50.196268820713371 ], [ 18.954106051698879, 50.200768709881288 ], [ 18.950055273661842, 50.205265258185065 ], [ 18.954097424001858, 50.209765140878368 ], [ 18.950045882954743, 50.214261681648949 ], [ 18.954088791931344, 50.218761557868277 ], [ 18.950036487487001, 50.223258091105848 ], [ 18.954080155484441, 50.227757960851811 ], [ 18.950027087255471, 50.23225448655662 ], [ 18.95407151465826, 50.236754349829837 ], [ 18.950017682257002, 50.241250868002091 ], [ 18.954062869449903, 50.24575072480318 ], [ 18.950008272488446, 50.250247235443105 ], [ 18.954054219856477, 50.254747085772699 ], [ 18.949998857946643, 50.259243588880516 ], [ 18.954045565875074, 50.263743432739219 ], [ 18.949989438628442, 50.268239928315161 ], [ 18.9540369075028, 50.272739765703598 ], [ 18.949980014530674, 50.277236253747866 ], [ 18.95402824473674, 50.281736084666669 ], [ 18.949970585650181, 50.28623256517951 ], [ 18.954019577573991, 50.290732389629298 ], [ 18.949961151983796, 50.295228862610927 ], [ 18.954010906011639, 50.299728680592324 ], [ 18.94995171352835, 50.30422514604296 ], [ 18.954002230046775, 50.308724957556585 ], [ 18.949942270280669, 50.313221415476477 ], [ 18.953993549676476, 50.317721220522955 ], [ 18.949932822237582, 50.322217670912302 ], [ 18.953984864897826, 50.326717469492273 ], [ 18.949923369395904, 50.331213912351309 ], [ 18.953976175707904, 50.335713704465384 ], [ 18.949913911752457, 50.340210139794358 ], [ 18.953967482103788, 50.344709925443162 ], [ 18.949904449304064, 50.349206353242288 ], [ 18.953958784082545, 50.353706132426474 ], [ 18.949894982047532, 50.358202552695957 ], [ 18.953950081641246, 50.362702325416137 ], [ 18.949885509979669, 50.367198738156254 ], [ 18.953941374776957, 50.371698504413047 ], [ 18.949876033097286, 50.376194909623997 ], [ 18.95393266348675, 50.380694669418062 ], [ 18.949866551397186, 50.385191067100081 ], [ 18.953923947767684, 50.389690820432016 ], [ 18.949857064876173, 50.394187210585336 ], [ 18.953915227616818, 50.398686957455823 ], [ 18.949847573531045, 50.403183340080673 ], [ 18.953906503031206, 50.407683080490294 ], [ 18.949838077358596, 50.412179455586902 ], [ 18.953897774007903, 50.416679189536332 ], [ 18.949828576355621, 50.421175557104945 ], [ 18.953889040543963, 50.425675284594803 ], [ 18.94981907051891, 50.430171644635628 ], [ 18.953880302636431, 50.434671365666539 ], [ 18.949809559845249, 50.439167718179846 ], [ 18.953871560282359, 50.443667432752463 ], [ 18.949800044331422, 50.448163777738458 ], [ 18.953862813478786, 50.452663485853407 ], [ 18.949790523974212, 50.457159823312338 ], [ 18.953854062222749, 50.461659524970273 ], [ 18.949780998770393, 50.466155854902375 ], [ 18.953845306511294, 50.470655550103928 ], [ 18.949771468716744, 50.475151872509421 ], [ 18.953836546341449, 50.479651561255231 ], [ 18.949761933810034, 50.484147876134372 ], [ 18.953827781710253, 50.488647558425072 ], [ 18.961969017142493, 50.488650502843583 ], [ 18.966042859004993, 50.484153764035682 ], [ 18.974183323374863, 50.484155854073727 ], [ 18.978255619829003, 50.479658684150095 ], [ 18.986395312742093, 50.479659920078745 ], [ 18.990466064180495, 50.475162319378505 ], [ 18.986397894425412, 50.470663906271668 ], [ 18.990467873091934, 50.466166298452372 ], [ 18.986400474794809, 50.461667878483247 ], [ 18.990469681082818, 50.457170263544505 ], [ 18.986403053851159, 50.452671836712618 ], [ 18.990471488153759, 50.448174214654031 ], [ 18.986405631595346, 50.443675780958891 ], [ 18.990473294305374, 50.439178151780091 ], [ 18.986408208028227, 50.434679711221214 ], [ 18.990475099538269, 50.430182074921788 ], [ 18.986410783150678, 50.425683627498699 ], [ 18.990476903853054, 50.421185984078264 ], [ 18.986413356963578, 50.416687529790458 ], [ 18.990478707250347, 50.41218987924865 ], [ 18.986415929467785, 50.407691418095666 ], [ 18.990480509730745, 50.403193760432067 ], [ 18.986418500664172, 50.398695292413414 ], [ 18.990482311294866, 50.394197627627648 ], [ 18.986421070553611, 50.38969915274285 ], [ 18.990484111943314, 50.385201480834532 ], [ 18.986423639136969, 50.380702999083098 ], [ 18.9904859116767, 50.376205320051859 ], [ 18.986426206415111, 50.371706831433315 ], [ 18.990487710495625, 50.367209145278757 ], [ 18.986428772388898, 50.362710649792618 ], [ 18.990489508400699, 50.358212956514357 ], [ 18.986431337059198, 50.353714454160162 ], [ 18.990491305392531, 50.349216753757823 ], [ 18.986433900426881, 50.344718244535059 ], [ 18.990493101471724, 50.340220537008257 ], [ 18.986436462492804, 50.335722020916471 ], [ 18.990494896638882, 50.331224306264829 ], [ 18.986439023257834, 50.326725783303544 ], [ 18.990496690894609, 50.322228061526673 ], [ 18.986441582722826, 50.317729531695406 ], [ 18.990498484239509, 50.313231802792941 ], [ 18.986444140888647, 50.30873326609121 ], [ 18.99050027667419, 50.304235530062762 ], [ 18.986446697756158, 50.29973698649011 ], [ 18.990502068199245, 50.295239243335295 ], [ 18.986449253326217, 50.290740692891234 ], [ 18.990503858815288, 50.286242942609697 ], [ 18.986451807599678, 50.281744385293749 ], [ 18.990505648522909, 50.277246627885098 ], [ 18.986454360577405, 50.27274806369681 ], [ 18.990507437322716, 50.268250299160648 ], [ 18.986456912260255, 50.263751728099535 ], [ 18.990509225215309, 50.259253956435522 ], [ 18.98645946264908, 50.254755378501116 ], [ 18.990511012201285, 50.250257599708853 ], [ 18.986462011744738, 50.245759014900692 ], [ 18.990512798281248, 50.241261228979823 ], [ 18.986464559548086, 50.236762637297417 ], [ 18.990514583455791, 50.23226484424756 ], [ 18.986467106059973, 50.227766245690454 ], [ 18.990516367725512, 50.223268445511223 ], [ 18.986469651281258, 50.218769840078956 ], [ 18.990518151091017, 50.214272032769991 ], [ 18.986472195212791, 50.209773420462078 ], [ 18.990519933552896, 50.205275606023015 ], [ 18.986474737855421, 50.200776986838996 ], [ 18.99052171511175, 50.196279165269445 ], [ 18.986477279210003, 50.191780539208871 ], [ 18.990523495768169, 50.18728271050847 ], [ 18.986479819277385, 50.182784077570858 ], [ 18.990525275522753, 50.178286241739237 ], [ 18.986482358058421, 50.173787601924118 ], [ 18.990527054376102, 50.169289758960915 ], [ 18.986484895553954, 50.164791112267849 ], [ 18.990528832328799, 50.160293262172672 ], [ 18.986487431764829, 50.155794608601184 ], [ 18.990530609381445, 50.151296751373685 ], [ 18.986489966691902, 50.146798090923298 ], [ 18.990532385534635, 50.142300226563115 ], [ 18.986492500336013, 50.137801559233381 ], [ 18.990534160788954, 50.133303687740145 ], [ 18.986495032698009, 50.128805013530581 ], [ 18.990535935145004, 50.124307134903916 ], [ 18.986497563778734, 50.119808453814095 ], [ 18.990537708603373, 50.115310568053644 ], [ 18.986500093579039, 50.110811880083091 ], [ 18.99053948116465, 50.106313987188479 ], [ 18.986502622099756, 50.101815292336745 ], [ 18.990541252829427, 50.097317392307623 ], [ 18.986505149341731, 50.092818690574227 ], [ 18.990543023598292, 50.088320783410211 ], [ 18.986507675305816, 50.083822074794725 ], [ 18.990544793471841, 50.079324160495474 ], [ 18.986510199992836, 50.074825444997408 ], [ 18.990546562450657, 50.070327523562547 ], [ 18.986512723403642, 50.065828801181475 ], [ 18.990548330535329, 50.061330872610647 ], [ 18.986515245539071, 50.056832143346121 ], [ 18.990550097726448, 50.05233420763895 ], [ 18.986517766399956, 50.04783547149048 ], [ 18.97845133757583, 50.047834254245018 ], [ 18.974415732099878, 50.052331772762251 ], [ 18.96634855036833, 50.052329714319619 ], [ 18.962318482217352, 50.047830138012081 ], [ 18.954252056191038, 50.047827239024919 ], [ 18.950214190339224, 50.05232391542657 ], [ 18.954243502403816, 50.05682390827117 ], [ 18.950204880084421, 50.06132057713593 ] ] ], [ [ [ 19.002674699620858, 50.479660684380974 ], [ 18.998604720426449, 50.484158708535645 ], [ 19.002675207441744, 50.488656684450525 ], [ 19.010816446292484, 50.48865621267413 ], [ 19.014885652456133, 50.484157765132778 ], [ 19.010814393062102, 50.479660212754482 ], [ 19.01488282724042, 50.475161758365793 ], [ 19.01081234087685, 50.470664198854415 ], [ 19.014880003462686, 50.466165737617885 ], [ 19.010810289736035, 50.461668170973034 ], [ 19.014877181121967, 50.457169702888208 ], [ 19.010808239638965, 50.45267212910948 ], [ 19.014874360217309, 50.448173654175839 ], [ 19.010806190584937, 50.443676073262878 ], [ 19.014871540747759, 50.439177591479925 ], [ 19.010804142573271, 50.434680003432355 ], [ 19.014868722712368, 50.4301815147996 ], [ 19.01080209560326, 50.425683919617022 ], [ 19.01486590611017, 50.421185424133981 ], [ 19.010800049674224, 50.416687821816012 ], [ 19.014863090940224, 50.412189319482195 ], [ 19.010798004785464, 50.407691710028459 ], [ 19.014860277201574, 50.403193200843404 ], [ 19.010795960936292, 50.398695584253502 ], [ 19.014857464893272, 50.394197068216677 ], [ 19.010793918126019, 50.389699444490262 ], [ 19.014854654014371, 50.385200921601204 ], [ 19.010791876353952, 50.38070329073787 ], [ 19.014851844563914, 50.376204760996103 ], [ 19.010789835619406, 50.371707122995481 ], [ 19.014849036540962, 50.367208586400494 ], [ 19.01078779592169, 50.362710941262222 ], [ 19.01484622994456, 50.358212397813531 ], [ 19.01078575726012, 50.353714745537218 ], [ 19.014843424773769, 50.349216195234362 ], [ 19.010783719634002, 50.344718535819631 ], [ 19.014840621027645, 50.340219978662105 ], [ 19.010781683042659, 50.335722312108572 ], [ 19.014837818705235, 50.331223748095908 ], [ 19.010779647485396, 50.326726074403204 ], [ 19.014835017805606, 50.322227503534926 ], [ 19.010777612961537, 50.317729822702674 ], [ 19.014832218327808, 50.313231244978297 ], [ 19.010775579470391, 50.308733557006121 ], [ 19.014829420270907, 50.304234972425149 ], [ 19.010773547011272, 50.299737277312687 ], [ 19.014826623633951, 50.295238685874651 ], [ 19.010771515583503, 50.290740983621532 ], [ 19.014823828416006, 50.286242385325949 ], [ 19.010769485186401, 50.28174467593179 ], [ 19.014821034616133, 50.27724607077819 ], [ 19.010767455819281, 50.272748354242623 ], [ 19.014818242233396, 50.268249742230523 ], [ 19.010765427481463, 50.263752018553163 ], [ 19.014815451266855, 50.259253399682088 ], [ 19.010763400172269, 50.254755668862593 ], [ 19.014812661715577, 50.250257043132066 ], [ 19.010761373891015, 50.245759305170047 ], [ 19.014809873578621, 50.241260672579607 ], [ 19.010759348637016, 50.236762927474686 ], [ 19.014807086855054, 50.232264288023849 ], [ 19.010757324409603, 50.227766535775665 ], [ 19.014804301543943, 50.223267889463955 ], [ 19.010755301208096, 50.218770130072166 ], [ 19.014801517644358, 50.214271476899093 ], [ 19.010753279031817, 50.209773710363308 ], [ 19.01479873515536, 50.205275050328424 ], [ 19.010751257880084, 50.200777276648282 ], [ 19.014795954076021, 50.196278609751097 ], [ 19.010749237752226, 50.191780828926248 ], [ 19.014793174405408, 50.187282155166294 ], [ 19.010747218647566, 50.182784367196348 ], [ 19.014790396142597, 50.178285686573183 ], [ 19.010745200565427, 50.173787891457778 ], [ 19.014787619286654, 50.169289203970905 ], [ 19.010743183505134, 50.164791401709685 ], [ 19.014784843836654, 50.160292707358629 ], [ 19.010741167466016, 50.155794897951232 ], [ 19.014782069791668, 50.151296196735558 ], [ 19.0107391524474, 50.146798380181615 ], [ 19.014779297150771, 50.142299672100833 ], [ 19.010737138448611, 50.137801848399988 ], [ 19.014776525913039, 50.133303133453644 ], [ 19.010735125468976, 50.128805302605528 ], [ 19.014773756077542, 50.124306580793125 ], [ 19.010733113507825, 50.119808742797403 ], [ 19.014770987643363, 50.115310014118506 ], [ 19.010731102564488, 50.110812168974803 ], [ 19.014768220609568, 50.106313433428937 ], [ 19.010729092638293, 50.101815581136876 ], [ 19.014765454975251, 50.097316838723586 ], [ 19.010727083728572, 50.092818979282818 ], [ 19.014762690739477, 50.088320230001635 ], [ 19.010725075834657, 50.083822363411819 ], [ 19.014759927901331, 50.079323607262282 ], [ 19.010723068955873, 50.074825733523042 ], [ 19.014757166459894, 50.070326970504681 ], [ 19.010721063091562, 50.065829089615676 ], [ 19.014754406414244, 50.061330319728043 ], [ 19.010719058241044, 50.056832431688917 ], [ 19.014751647763468, 50.052333654931537 ], [ 19.010717054403667, 50.047835759741915 ], [ 19.014748890506645, 50.043336976114354 ], [ 19.010715051578753, 50.038839073773879 ], [ 19.002650129713683, 50.03883953812376 ], [ 18.998617539559739, 50.043337904961241 ], [ 18.990551864024603, 50.043337528646632 ], [ 18.98651776639996, 50.04783547149048 ], [ 18.990550097726448, 50.05233420763895 ], [ 18.986515245539071, 50.056832143346121 ], [ 18.990548330535333, 50.061330872610647 ], [ 18.986512723403642, 50.065828801181475 ], [ 18.990546562450657, 50.070327523562547 ], [ 18.986510199992836, 50.074825444997408 ], [ 18.990544793471841, 50.079324160495474 ], [ 18.986507675305816, 50.083822074794725 ], [ 18.990543023598292, 50.088320783410211 ], [ 18.986505149341735, 50.092818690574227 ], [ 18.990541252829427, 50.097317392307623 ], [ 18.986502622099756, 50.101815292336745 ], [ 18.99053948116465, 50.106313987188479 ], [ 18.986500093579039, 50.110811880083091 ], [ 18.990537708603373, 50.115310568053644 ], [ 18.986497563778734, 50.119808453814095 ], [ 18.990535935145008, 50.124307134903916 ], [ 18.986495032698009, 50.128805013530581 ], [ 18.990534160788958, 50.133303687740145 ], [ 18.986492500336013, 50.137801559233381 ], [ 18.990532385534635, 50.142300226563115 ], [ 18.986489966691902, 50.146798090923298 ], [ 18.990530609381448, 50.151296751373685 ], [ 18.986487431764832, 50.155794608601184 ], [ 18.990528832328803, 50.160293262172672 ], [ 18.986484895553954, 50.164791112267849 ], [ 18.990527054376102, 50.169289758960915 ], [ 18.986482358058421, 50.173787601924118 ], [ 18.990525275522756, 50.178286241739237 ], [ 18.986479819277388, 50.182784077570858 ], [ 18.990523495768173, 50.18728271050847 ], [ 18.986477279210003, 50.191780539208871 ], [ 18.99052171511175, 50.196279165269445 ], [ 18.986474737855424, 50.200776986838996 ], [ 18.9905199335529, 50.205275606023015 ], [ 18.986472195212791, 50.209773420462078 ], [ 18.990518151091017, 50.214272032769991 ], [ 18.986469651281258, 50.218769840078956 ], [ 18.990516367725512, 50.223268445511223 ], [ 18.986467106059973, 50.227766245690454 ], [ 18.990514583455791, 50.23226484424756 ], [ 18.986464559548086, 50.236762637297417 ], [ 18.990512798281248, 50.241261228979823 ], [ 18.986462011744738, 50.245759014900692 ], [ 18.990511012201285, 50.250257599708853 ], [ 18.98645946264908, 50.254755378501116 ], [ 18.990509225215309, 50.259253956435522 ], [ 18.986456912260255, 50.263751728099535 ], [ 18.990507437322719, 50.268250299160648 ], [ 18.986454360577405, 50.27274806369681 ], [ 18.990505648522909, 50.277246627885098 ], [ 18.986451807599678, 50.281744385293749 ], [ 18.990503858815288, 50.286242942609697 ], [ 18.986449253326217, 50.290740692891234 ], [ 18.990502068199248, 50.295239243335295 ], [ 18.986446697756158, 50.29973698649011 ], [ 18.99050027667419, 50.304235530062762 ], [ 18.986444140888647, 50.30873326609121 ], [ 18.990498484239513, 50.313231802792941 ], [ 18.986441582722826, 50.317729531695406 ], [ 18.990496690894609, 50.322228061526673 ], [ 18.986439023257834, 50.326725783303544 ], [ 18.990494896638886, 50.331224306264829 ], [ 18.986436462492804, 50.335722020916471 ], [ 18.990493101471724, 50.340220537008257 ], [ 18.986433900426881, 50.344718244535059 ], [ 18.990491305392531, 50.349216753757823 ], [ 18.986431337059201, 50.353714454160162 ], [ 18.990489508400699, 50.358212956514357 ], [ 18.986428772388898, 50.362710649792618 ], [ 18.990487710495625, 50.367209145278757 ], [ 18.986426206415111, 50.371706831433315 ], [ 18.9904859116767, 50.376205320051859 ], [ 18.986423639136969, 50.380702999083098 ], [ 18.990484111943317, 50.385201480834532 ], [ 18.986421070553611, 50.38969915274285 ], [ 18.990482311294869, 50.394197627627648 ], [ 18.986418500664172, 50.398695292413414 ], [ 18.990480509730745, 50.403193760432067 ], [ 18.986415929467785, 50.407691418095666 ], [ 18.990478707250347, 50.41218987924865 ], [ 18.986413356963578, 50.416687529790458 ], [ 18.990476903853054, 50.421185984078264 ], [ 18.986410783150681, 50.425683627498699 ], [ 18.990475099538269, 50.430182074921788 ], [ 18.986408208028227, 50.434679711221214 ], [ 18.990473294305374, 50.439178151780091 ], [ 18.986405631595346, 50.443675780958891 ], [ 18.990471488153759, 50.448174214654031 ], [ 18.986403053851163, 50.452671836712618 ], [ 18.990469681082818, 50.457170263544505 ], [ 18.986400474794809, 50.461667878483247 ], [ 18.990467873091934, 50.466166298452372 ], [ 18.986397894425412, 50.470663906271668 ], [ 18.990466064180495, 50.475162319378505 ], [ 18.998604985242917, 50.475162701468903 ], [ 19.002674699620858, 50.479660684380974 ] ] ], [ [ [ 19.014762690739477, 50.088320230001635 ], [ 19.010727083728572, 50.092818979282818 ], [ 19.014765454975251, 50.097316838723586 ], [ 19.010729092638293, 50.101815581136876 ], [ 19.014768220609572, 50.106313433428937 ], [ 19.010731102564488, 50.110812168974803 ], [ 19.014770987643363, 50.115310014118506 ], [ 19.010733113507829, 50.119808742797403 ], [ 19.014773756077542, 50.124306580793125 ], [ 19.010735125468976, 50.128805302605528 ], [ 19.014776525913039, 50.133303133453644 ], [ 19.010737138448611, 50.137801848399988 ], [ 19.014779297150774, 50.142299672100833 ], [ 19.010739152447403, 50.146798380181615 ], [ 19.014782069791671, 50.151296196735558 ], [ 19.010741167466016, 50.155794897951232 ], [ 19.014784843836658, 50.160292707358629 ], [ 19.010743183505138, 50.164791401709685 ], [ 19.014787619286654, 50.169289203970905 ], [ 19.010745200565427, 50.173787891457778 ], [ 19.014790396142597, 50.178285686573183 ], [ 19.010747218647566, 50.182784367196348 ], [ 19.014793174405408, 50.187282155166294 ], [ 19.010749237752226, 50.191780828926248 ], [ 19.014795954076021, 50.196278609751097 ], [ 19.010751257880084, 50.200777276648282 ], [ 19.01479873515536, 50.205275050328424 ], [ 19.010753279031817, 50.209773710363308 ], [ 19.014801517644358, 50.214271476899093 ], [ 19.010755301208096, 50.218770130072166 ], [ 19.014804301543943, 50.223267889463955 ], [ 19.010757324409607, 50.227766535775665 ], [ 19.014807086855054, 50.232264288023849 ], [ 19.010759348637016, 50.236762927474686 ], [ 19.014809873578621, 50.241260672579607 ], [ 19.010761373891015, 50.245759305170047 ], [ 19.014812661715577, 50.250257043132066 ], [ 19.010763400172269, 50.254755668862593 ], [ 19.014815451266859, 50.259253399682088 ], [ 19.010765427481466, 50.263752018553163 ], [ 19.014818242233396, 50.268249742230523 ], [ 19.010767455819281, 50.272748354242623 ], [ 19.014821034616133, 50.27724607077819 ], [ 19.010769485186405, 50.28174467593179 ], [ 19.014823828416006, 50.286242385325949 ], [ 19.010771515583507, 50.290740983621532 ], [ 19.014826623633951, 50.295238685874651 ], [ 19.010773547011276, 50.299737277312687 ], [ 19.014829420270907, 50.304234972425149 ], [ 19.010775579470391, 50.308733557006121 ], [ 19.014832218327808, 50.313231244978297 ], [ 19.010777612961537, 50.317729822702674 ], [ 19.014835017805606, 50.322227503534926 ], [ 19.010779647485396, 50.326726074403204 ], [ 19.014837818705239, 50.331223748095908 ], [ 19.010781683042659, 50.335722312108572 ], [ 19.014840621027645, 50.340219978662105 ], [ 19.010783719634006, 50.344718535819631 ], [ 19.014843424773773, 50.349216195234362 ], [ 19.01078575726012, 50.353714745537218 ], [ 19.014846229944563, 50.358212397813531 ], [ 19.010787795921694, 50.362710941262222 ], [ 19.014849036540962, 50.367208586400494 ], [ 19.010789835619406, 50.371707122995481 ], [ 19.014851844563914, 50.376204760996103 ], [ 19.010791876353956, 50.38070329073787 ], [ 19.014854654014371, 50.385200921601204 ], [ 19.010793918126019, 50.389699444490262 ], [ 19.014857464893275, 50.394197068216677 ], [ 19.010795960936292, 50.398695584253502 ], [ 19.014860277201578, 50.403193200843404 ], [ 19.010798004785464, 50.407691710028459 ], [ 19.014863090940224, 50.412189319482195 ], [ 19.010800049674224, 50.416687821816012 ], [ 19.01486590611017, 50.421185424133981 ], [ 19.010802095603264, 50.425683919617022 ], [ 19.014868722712368, 50.4301815147996 ], [ 19.010804142573271, 50.434680003432355 ], [ 19.014871540747762, 50.439177591479925 ], [ 19.01080619058494, 50.443676073262878 ], [ 19.014874360217313, 50.448173654175839 ], [ 19.010808239638965, 50.45267212910948 ], [ 19.014877181121967, 50.457169702888208 ], [ 19.010810289736035, 50.461668170973034 ], [ 19.014880003462686, 50.466165737617885 ], [ 19.01081234087685, 50.470664198854415 ], [ 19.01488282724042, 50.475161758365793 ], [ 19.010814393062102, 50.479660212754482 ], [ 19.014885652456133, 50.484157765132778 ], [ 19.010816446292484, 50.48865621267413 ], [ 19.01488847911077, 50.493153757919721 ], [ 19.023030490339899, 50.493152431883736 ], [ 19.027098922685752, 50.48865356102359 ], [ 19.035240159703502, 50.488651381149644 ], [ 19.039307046247579, 50.484152080462998 ], [ 19.035233470246713, 50.479655382765166 ], [ 19.039299585986427, 50.475156075502206 ], [ 19.035226784194982, 50.47065937039968 ], [ 19.039292129522387, 50.466160056559815 ], [ 19.035220101546038, 50.461663344052319 ], [ 19.039284676852933, 50.457164023634959 ], [ 19.035213422297623, 50.452667303722201 ], [ 19.039277227975539, 50.448167976726744 ], [ 19.035206746447471, 50.443671249408446 ], [ 19.039269782887693, 50.439171915834294 ], [ 19.03520007399333, 50.434675181110194 ], [ 19.039262341586863, 50.430175840956757 ], [ 19.035193404932937, 50.425679098826556 ], [ 19.039254904070543, 50.421179752093245 ], [ 19.035186739264038, 50.41668300255666 ], [ 19.039247470336214, 50.412183649242891 ], [ 19.035180076984378, 50.407686892299651 ], [ 19.039240040381365, 50.403187532404836 ], [ 19.035173418091716, 50.398690768054671 ], [ 19.039232614203488, 50.39419140157819 ], [ 19.035166762583803, 50.389694629820816 ], [ 19.039225191800078, 50.38519525676211 ], [ 19.035160110458378, 50.380698477597235 ], [ 19.039217773168627, 50.376199097955727 ], [ 19.035153461713215, 50.371702311383082 ], [ 19.039210358306633, 50.367202925158161 ], [ 19.035146816346057, 50.362706131177475 ], [ 19.039202947211599, 50.358206738368565 ], [ 19.03514017435467, 50.353709936979577 ], [ 19.039195539881021, 50.349210537586075 ], [ 19.035133535736815, 50.344713728788484 ], [ 19.039188136312411, 50.340214322809821 ], [ 19.035126900490262, 50.335717506603366 ], [ 19.039180736503265, 50.331218094038967 ], [ 19.035120268612765, 50.326721270423377 ], [ 19.039173340451104, 50.322221851272651 ], [ 19.0351136401021, 50.317725020247636 ], [ 19.039165948153435, 50.313225594510001 ], [ 19.03510701495604, 50.308728756075297 ], [ 19.039158559607767, 50.304229323750171 ], [ 19.035100393172346, 50.299732477905522 ], [ 19.039151174811618, 50.295233038992315 ], [ 19.035093774748802, 50.29073618573743 ], [ 19.039143793762509, 50.28623674023558 ], [ 19.035087159683179, 50.281739879570196 ], [ 19.039136416457961, 50.277240427479114 ], [ 19.035080547973255, 50.272743559402954 ], [ 19.039129042895492, 50.268244100722072 ], [ 19.035073939616812, 50.26374722523488 ], [ 19.039121673072625, 50.259247759963593 ], [ 19.035067334611632, 50.254750877065085 ], [ 19.039114306986896, 50.250251405202853 ], [ 19.0350607329555, 50.245754514892766 ], [ 19.039106944635829, 50.241255036439 ], [ 19.035054134646202, 50.236758138717065 ], [ 19.039099586016953, 50.232258653671181 ], [ 19.035047539681521, 50.227761748537134 ], [ 19.039092231127807, 50.223262256898558 ], [ 19.035040948059255, 50.218765344352143 ], [ 19.039084879965923, 50.214265846120313 ], [ 19.035034359777192, 50.209768926161239 ], [ 19.039077532528843, 50.205269421335565 ], [ 19.035027774833125, 50.200772493963584 ], [ 19.039070188814105, 50.196272982543519 ], [ 19.035021193224853, 50.191776047758367 ], [ 19.039062848819253, 50.187276529743322 ], [ 19.035014614950175, 50.182779587544715 ], [ 19.039055512541829, 50.178280062934121 ], [ 19.03500804000689, 50.173783113321811 ], [ 19.039048179979385, 50.169283582115106 ], [ 19.035001468392796, 50.16478662508883 ], [ 19.039040851129467, 50.160287087285447 ], [ 19.034994900105705, 50.155790122844941 ], [ 19.03903352598963, 50.151290578444311 ], [ 19.034988335143417, 50.146793606589299 ], [ 19.039026204557423, 50.142294055590853 ], [ 19.034981773503741, 50.137797076321085 ], [ 19.039018886830405, 50.133297518724262 ], [ 19.034975215184492, 50.128800532039477 ], [ 19.039011572806135, 50.124300967843688 ], [ 19.034968660183477, 50.119803973743643 ], [ 19.039004262482177, 50.11530440294834 ], [ 19.034962108498512, 50.110807401432751 ], [ 19.038996955856085, 50.10630782403738 ], [ 19.034955560127415, 50.101810815105992 ], [ 19.03898965292543, 50.097311231109977 ], [ 19.034949015068001, 50.092814214762534 ], [ 19.038982353687778, 50.088314624165321 ], [ 19.034942473318093, 50.083817600401566 ], [ 19.0389750581407, 50.07931800320258 ], [ 19.034935934875509, 50.074820972022259 ], [ 19.038967766281765, 50.070321368220966 ], [ 19.034929399738079, 50.065824329623801 ], [ 19.03896047810855, 50.061324719219613 ], [ 19.034922867903621, 50.056827673205376 ], [ 19.038953193618628, 50.052328056197759 ], [ 19.034916339369971, 50.047831002766181 ], [ 19.038945912809577, 50.043331379154552 ], [ 19.034909814134959, 50.038834318305376 ], [ 19.026844894043244, 50.038836463864598 ], [ 19.022810302457298, 50.034338978527749 ], [ 19.014746134642863, 50.034340283275668 ], [ 19.010715051578757, 50.038839073773879 ], [ 19.014748890506645, 50.043336976114354 ], [ 19.010717054403667, 50.047835759741915 ], [ 19.014751647763468, 50.052333654931537 ], [ 19.010719058241047, 50.056832431688917 ], [ 19.014754406414244, 50.061330319728043 ], [ 19.010721063091562, 50.065829089615676 ], [ 19.014757166459894, 50.070326970504681 ], [ 19.010723068955876, 50.074825733523042 ], [ 19.014759927901331, 50.079323607262282 ], [ 19.010725075834657, 50.083822363411819 ], [ 19.014762690739477, 50.088320230001635 ] ] ], [ [ [ 19.038945912809577, 50.043331379154552 ], [ 19.034916339369971, 50.047831002766181 ], [ 19.038953193618628, 50.052328056197759 ], [ 19.034922867903621, 50.056827673205376 ], [ 19.03896047810855, 50.061324719219613 ], [ 19.034929399738079, 50.065824329623801 ], [ 19.038967766281765, 50.070321368220966 ], [ 19.034935934875509, 50.074820972022259 ], [ 19.0389750581407, 50.07931800320258 ], [ 19.034942473318093, 50.083817600401566 ], [ 19.038982353687778, 50.088314624165321 ], [ 19.034949015068001, 50.092814214762534 ], [ 19.03898965292543, 50.097311231109977 ], [ 19.034955560127415, 50.101810815105992 ], [ 19.038996955856085, 50.10630782403738 ], [ 19.034962108498515, 50.110807401432751 ], [ 19.039004262482177, 50.11530440294834 ], [ 19.03496866018348, 50.119803973743643 ], [ 19.039011572806135, 50.124300967843688 ], [ 19.034975215184495, 50.128800532039477 ], [ 19.039018886830405, 50.133297518724262 ], [ 19.034981773503741, 50.137797076321085 ], [ 19.039026204557423, 50.142294055590853 ], [ 19.034988335143417, 50.146793606589299 ], [ 19.03903352598963, 50.151290578444311 ], [ 19.034994900105705, 50.155790122844941 ], [ 19.039040851129467, 50.160287087285447 ], [ 19.035001468392796, 50.16478662508883 ], [ 19.039048179979389, 50.169283582115106 ], [ 19.03500804000689, 50.173783113321811 ], [ 19.039055512541832, 50.178280062934121 ], [ 19.035014614950175, 50.182779587544715 ], [ 19.039062848819253, 50.187276529743322 ], [ 19.035021193224857, 50.191776047758367 ], [ 19.039070188814108, 50.196272982543519 ], [ 19.035027774833125, 50.200772493963584 ], [ 19.039077532528847, 50.205269421335565 ], [ 19.035034359777192, 50.209768926161239 ], [ 19.039084879965923, 50.214265846120313 ], [ 19.035040948059258, 50.218765344352143 ], [ 19.039092231127807, 50.223262256898558 ], [ 19.035047539681525, 50.227761748537134 ], [ 19.039099586016953, 50.232258653671181 ], [ 19.035054134646202, 50.236758138717065 ], [ 19.039106944635829, 50.241255036439 ], [ 19.0350607329555, 50.245754514892766 ], [ 19.039114306986896, 50.250251405202853 ], [ 19.035067334611636, 50.254750877065085 ], [ 19.039121673072628, 50.259247759963593 ], [ 19.035073939616812, 50.26374722523488 ], [ 19.039129042895492, 50.268244100722072 ], [ 19.035080547973255, 50.272743559402954 ], [ 19.039136416457961, 50.277240427479114 ], [ 19.035087159683179, 50.281739879570196 ], [ 19.039143793762513, 50.28623674023558 ], [ 19.035093774748802, 50.29073618573743 ], [ 19.039151174811618, 50.295233038992315 ], [ 19.035100393172346, 50.299732477905522 ], [ 19.039158559607767, 50.304229323750171 ], [ 19.03510701495604, 50.308728756075297 ], [ 19.039165948153435, 50.313225594510001 ], [ 19.035113640102104, 50.317725020247636 ], [ 19.039173340451104, 50.322221851272651 ], [ 19.035120268612765, 50.326721270423377 ], [ 19.039180736503269, 50.331218094038967 ], [ 19.035126900490262, 50.335717506603366 ], [ 19.039188136312411, 50.340214322809821 ], [ 19.035133535736815, 50.344713728788484 ], [ 19.039195539881021, 50.349210537586075 ], [ 19.03514017435467, 50.353709936979577 ], [ 19.039202947211599, 50.358206738368565 ], [ 19.035146816346057, 50.362706131177475 ], [ 19.039210358306637, 50.367202925158161 ], [ 19.035153461713215, 50.371702311383082 ], [ 19.039217773168627, 50.376199097955727 ], [ 19.035160110458378, 50.380698477597235 ], [ 19.039225191800078, 50.38519525676211 ], [ 19.035166762583803, 50.389694629820816 ], [ 19.039232614203492, 50.39419140157819 ], [ 19.03517341809172, 50.398690768054671 ], [ 19.039240040381365, 50.403187532404836 ], [ 19.035180076984382, 50.407686892299651 ], [ 19.039247470336214, 50.412183649242891 ], [ 19.035186739264038, 50.41668300255666 ], [ 19.039254904070543, 50.421179752093245 ], [ 19.035193404932937, 50.425679098826556 ], [ 19.039262341586863, 50.430175840956757 ], [ 19.03520007399333, 50.434675181110194 ], [ 19.039269782887693, 50.439171915834294 ], [ 19.035206746447471, 50.443671249408446 ], [ 19.039277227975543, 50.448167976726744 ], [ 19.035213422297623, 50.452667303722201 ], [ 19.039284676852933, 50.457164023634959 ], [ 19.035220101546038, 50.461663344052319 ], [ 19.039292129522387, 50.466160056559815 ], [ 19.035226784194982, 50.47065937039968 ], [ 19.039299585986427, 50.475156075502206 ], [ 19.035233470246713, 50.479655382765166 ], [ 19.039307046247579, 50.484152080462998 ], [ 19.035240159703502, 50.488651381149644 ], [ 19.039314510308365, 50.493148071443073 ], [ 19.04745651852275, 50.493145037038701 ], [ 19.051532415321837, 50.497641295780859 ], [ 19.059675194337753, 50.497637406575045 ], [ 19.06375263772324, 50.502133233426626 ], [ 19.059686531555602, 50.506633373834397 ], [ 19.063764751515578, 50.511129193009928 ], [ 19.071909848309769, 50.51112444722353 ], [ 19.075975177508866, 50.506623883769997 ], [ 19.07189618714505, 50.502128489148383 ], [ 19.075960746334367, 50.497627919526366 ], [ 19.071882532936822, 50.493132517092413 ], [ 19.075946322507889, 50.488631941301172 ], [ 19.071868885680459, 50.484136531054723 ], [ 19.075931906024536, 50.479635949093506 ], [ 19.071855245371335, 50.475140531034455 ], [ 19.075917496879427, 50.470639942902515 ], [ 19.071841612004821, 50.46614451703072 ], [ 19.075903095067677, 50.461643922727305 ], [ 19.071827985576306, 50.457148489042659 ], [ 19.075888700584418, 50.452647888567 ], [ 19.071814366081178, 50.448152447069361 ], [ 19.075874313424766, 50.443651840420742 ], [ 19.071800753514825, 50.439156391109982 ], [ 19.07585993358386, 50.434655778287656 ], [ 19.071787147872637, 50.430160321163655 ], [ 19.075845561056838, 50.425659702166861 ], [ 19.071773549150024, 50.421164237229483 ], [ 19.075831195838834, 50.416663612057491 ], [ 19.071759957342383, 50.41216813930663 ], [ 19.075816837925004, 50.407667507958678 ], [ 19.071746372445123, 50.403172027394199 ], [ 19.075802487310487, 50.398671389869563 ], [ 19.071732794453656, 50.394175901491323 ], [ 19.075788143990444, 50.389675257789278 ], [ 19.071719223363395, 50.385179761597165 ], [ 19.075773807960029, 50.380679111716951 ], [ 19.071705659169769, 50.376183607710843 ], [ 19.075759479214412, 50.371682951651714 ], [ 19.071692101868194, 50.36718743983149 ], [ 19.075745157748752, 50.362686777592707 ], [ 19.071678551454102, 50.358191257958254 ], [ 19.075730843558233, 50.353690589539106 ], [ 19.071665007922931, 50.349195062090295 ], [ 19.075716536638019, 50.344694387490016 ], [ 19.071651471270108, 50.340198852226713 ], [ 19.0757022369833, 50.335698171444577 ], [ 19.07163794149108, 50.331202628366682 ], [ 19.075687944589255, 50.326701941401964 ], [ 19.07162441858129, 50.322206390509329 ], [ 19.075673659451077, 50.317705697361298 ], [ 19.071610902536193, 50.313210138653822 ], [ 19.075659381563959, 50.30870943932171 ], [ 19.071597393351237, 50.304213872799281 ], [ 19.075645110923102, 50.299713167282398 ], [ 19.071583891021881, 50.295217592944873 ], [ 19.075630847523701, 50.290716881242467 ], [ 19.071570395543588, 50.286221299089746 ], [ 19.075616591360973, 50.2817205812011 ], [ 19.071556906911827, 50.277224991233055 ], [ 19.075602342430123, 50.272724267157422 ], [ 19.071543425122062, 50.268228669373947 ], [ 19.075588100726371, 50.263727939110609 ], [ 19.071529950169772, 50.259232333511555 ], [ 19.075573866244937, 50.254731597059795 ], [ 19.071516482050434, 50.250235983645091 ], [ 19.075559638981041, 50.245735241004148 ], [ 19.071503020759529, 50.241239619773651 ], [ 19.075545418929917, 50.236738870942844 ], [ 19.071489566292549, 50.232243241896434 ], [ 19.075531206086794, 50.227742486875009 ], [ 19.071476118644977, 50.223246850012579 ], [ 19.075517000446915, 50.218746088799833 ], [ 19.071462677812317, 50.214250444121255 ], [ 19.075502802005516, 50.209749676716442 ], [ 19.071449243790063, 50.205254024221631 ], [ 19.075488610757848, 50.200753250624032 ], [ 19.071435816573718, 50.196257590312847 ], [ 19.075474426699163, 50.191756810521774 ], [ 19.071422396158788, 50.187261142394114 ], [ 19.075460249824708, 50.182760356408799 ], [ 19.071408982540785, 50.178264680464544 ], [ 19.075446080129751, 50.173763888284299 ], [ 19.071395575715233, 50.169268204523334 ], [ 19.075431917609549, 50.164767406147433 ], [ 19.071382175677638, 50.160271714569653 ], [ 19.075417762259377, 50.155770909997379 ], [ 19.07136878242353, 50.151275210602677 ], [ 19.075403614074499, 50.146774399833298 ], [ 19.071355395948441, 50.142278692621574 ], [ 19.075389473050198, 50.137777875654379 ], [ 19.071342016247893, 50.133282160625498 ], [ 19.07537533918175, 50.128781337459799 ], [ 19.071328643317429, 50.124285614613633 ], [ 19.075361212464447, 50.119784785248704 ], [ 19.071315277152586, 50.115289054585176 ], [ 19.075347092893573, 50.110788219020307 ], [ 19.071301917748912, 50.106292480539302 ], [ 19.07533298046442, 50.101791638773754 ], [ 19.071288565101945, 50.097295892475159 ], [ 19.07531887517229, 50.092795044508243 ], [ 19.071275219207251, 50.088299290391966 ], [ 19.07530477701248, 50.083798436222963 ], [ 19.071261880060373, 50.079302674288861 ], [ 19.075290685980303, 50.07480181391707 ], [ 19.071248547656879, 50.070306044165058 ], [ 19.075276602071067, 50.065805177589773 ], [ 19.071235221992332, 50.061309400019745 ], [ 19.075262525280085, 50.05680852724025 ], [ 19.071221903062295, 50.052312741852099 ], [ 19.075248455602683, 50.047811862867697 ], [ 19.071208590862348, 50.043316069661302 ], [ 19.075234393034176, 50.038815184471268 ], [ 19.071195285388061, 50.034319383446558 ], [ 19.075220337569892, 50.029818492050204 ], [ 19.071181986635015, 50.025322683207023 ], [ 19.075206289205173, 50.020821785603651 ], [ 19.071168694598796, 50.016325968941928 ], [ 19.063107546782589, 50.016330632616231 ], [ 19.059071457358009, 50.01183439100182 ], [ 19.051011059157599, 50.011838214133 ], [ 19.046985245451495, 50.01633828008994 ], [ 19.038924092443477, 50.016341263888762 ], [ 19.034896773552166, 50.020840907315744 ], [ 19.038931362224417, 50.02533798300086 ], [ 19.034903292196411, 50.029837619822167 ], [ 19.038938635678981, 50.034334688089189 ], [ 19.034909814134959, 50.038834318305376 ], [ 19.038945912809577, 50.043331379154552 ] ] ], [ [ [ 19.075248455602683, 50.047811862867697 ], [ 19.071221903062298, 50.052312741852099 ], [ 19.075262525280085, 50.05680852724025 ], [ 19.071235221992332, 50.061309400019745 ], [ 19.075276602071067, 50.065805177589773 ], [ 19.071248547656882, 50.070306044165058 ], [ 19.075290685980306, 50.07480181391707 ], [ 19.071261880060376, 50.079302674288861 ], [ 19.075304777012484, 50.083798436222963 ], [ 19.071275219207251, 50.088299290391966 ], [ 19.07531887517229, 50.092795044508243 ], [ 19.071288565101948, 50.097295892475159 ], [ 19.07533298046442, 50.101791638773754 ], [ 19.071301917748912, 50.106292480539302 ], [ 19.075347092893573, 50.110788219020307 ], [ 19.071315277152586, 50.115289054585176 ], [ 19.075361212464447, 50.119784785248704 ], [ 19.071328643317429, 50.124285614613633 ], [ 19.075375339181754, 50.128781337459799 ], [ 19.071342016247893, 50.133282160625498 ], [ 19.075389473050198, 50.137777875654379 ], [ 19.071355395948441, 50.142278692621574 ], [ 19.075403614074503, 50.146774399833298 ], [ 19.07136878242353, 50.151275210602677 ], [ 19.075417762259377, 50.155770909997379 ], [ 19.071382175677638, 50.160271714569653 ], [ 19.075431917609549, 50.164767406147433 ], [ 19.071395575715233, 50.169268204523334 ], [ 19.075446080129751, 50.173763888284299 ], [ 19.071408982540788, 50.178264680464544 ], [ 19.075460249824708, 50.182760356408799 ], [ 19.071422396158788, 50.187261142394114 ], [ 19.075474426699163, 50.191756810521774 ], [ 19.071435816573718, 50.196257590312847 ], [ 19.075488610757848, 50.200753250624032 ], [ 19.071449243790063, 50.205254024221631 ], [ 19.075502802005516, 50.209749676716442 ], [ 19.07146267781232, 50.214250444121255 ], [ 19.075517000446915, 50.218746088799833 ], [ 19.071476118644977, 50.223246850012579 ], [ 19.075531206086794, 50.227742486875009 ], [ 19.071489566292549, 50.232243241896434 ], [ 19.075545418929917, 50.236738870942844 ], [ 19.071503020759529, 50.241239619773651 ], [ 19.075559638981041, 50.245735241004148 ], [ 19.071516482050434, 50.250235983645091 ], [ 19.075573866244937, 50.254731597059795 ], [ 19.071529950169772, 50.259232333511555 ], [ 19.075588100726371, 50.263727939110609 ], [ 19.071543425122062, 50.268228669373947 ], [ 19.075602342430123, 50.272724267157422 ], [ 19.071556906911827, 50.277224991233055 ], [ 19.075616591360973, 50.2817205812011 ], [ 19.071570395543588, 50.286221299089746 ], [ 19.075630847523701, 50.290716881242467 ], [ 19.071583891021881, 50.295217592944873 ], [ 19.075645110923102, 50.299713167282398 ], [ 19.071597393351237, 50.304213872799281 ], [ 19.075659381563963, 50.30870943932171 ], [ 19.071610902536193, 50.313210138653822 ], [ 19.075673659451077, 50.317705697361298 ], [ 19.07162441858129, 50.322206390509329 ], [ 19.075687944589255, 50.326701941401964 ], [ 19.07163794149108, 50.331202628366682 ], [ 19.0757022369833, 50.335698171444577 ], [ 19.071651471270108, 50.340198852226713 ], [ 19.075716536638019, 50.344694387490016 ], [ 19.071665007922931, 50.349195062090295 ], [ 19.075730843558233, 50.353690589539106 ], [ 19.071678551454102, 50.358191257958254 ], [ 19.075745157748756, 50.362686777592707 ], [ 19.071692101868198, 50.36718743983149 ], [ 19.075759479214415, 50.371682951651714 ], [ 19.071705659169769, 50.376183607710843 ], [ 19.075773807960029, 50.380679111716951 ], [ 19.071719223363395, 50.385179761597165 ], [ 19.075788143990444, 50.389675257789278 ], [ 19.071732794453656, 50.394175901491323 ], [ 19.07580248731049, 50.398671389869563 ], [ 19.071746372445123, 50.403172027394199 ], [ 19.075816837925004, 50.407667507958678 ], [ 19.071759957342383, 50.41216813930663 ], [ 19.075831195838838, 50.416663612057491 ], [ 19.071773549150024, 50.421164237229483 ], [ 19.075845561056838, 50.425659702166861 ], [ 19.071787147872641, 50.430160321163655 ], [ 19.07585993358386, 50.434655778287656 ], [ 19.071800753514825, 50.439156391109982 ], [ 19.075874313424766, 50.443651840420742 ], [ 19.071814366081181, 50.448152447069361 ], [ 19.075888700584418, 50.452647888567 ], [ 19.071827985576306, 50.457148489042659 ], [ 19.07590309506768, 50.461643922727305 ], [ 19.071841612004825, 50.46614451703072 ], [ 19.075917496879427, 50.470639942902515 ], [ 19.071855245371335, 50.475140531034455 ], [ 19.075931906024536, 50.479635949093506 ], [ 19.071868885680463, 50.484136531054723 ], [ 19.075946322507889, 50.488631941301172 ], [ 19.071882532936826, 50.493132517092413 ], [ 19.075960746334367, 50.497627919526366 ], [ 19.071896187145054, 50.502128489148383 ], [ 19.07597517750887, 50.506623883769997 ], [ 19.071909848309772, 50.51112444722353 ], [ 19.075989616036278, 50.515619834032918 ], [ 19.084135483231996, 50.515614232631236 ], [ 19.088200034674209, 50.51111324620058 ], [ 19.096345123718805, 50.511106790964881 ], [ 19.100408127399646, 50.506605375728753 ], [ 19.096326820446897, 50.50211083850067 ], [ 19.100389055302845, 50.497609417366583 ], [ 19.096308526495317, 50.493114872053518 ], [ 19.100369992917106, 50.488613445020597 ], [ 19.096290241857847, 50.484118891622543 ], [ 19.100350940235963, 50.479617458689944 ], [ 19.096271966528302, 50.475122897206859 ], [ 19.100331897252953, 50.470621458373721 ], [ 19.09625370050049, 50.466126888805583 ], [ 19.100312863961637, 50.461625444071082 ], [ 19.096235443768219, 50.457130866417856 ], [ 19.100293840355562, 50.452629415781139 ], [ 19.096217196325306, 50.448134830042811 ], [ 19.100274826428294, 50.443633373503012 ], [ 19.09619895816558, 50.439138779679553 ], [ 19.100255822173395, 50.434637317235847 ], [ 19.096180729282874, 50.430142715327236 ], [ 19.100236827584439, 50.425641246978756 ], [ 19.096162509671018, 50.421146636984965 ], [ 19.100217842655006, 50.416645162730873 ], [ 19.096144299323857, 50.412150544651894 ], [ 19.10019886737868, 50.407649064491352 ], [ 19.096126098235239, 50.403154438327157 ], [ 19.100179901749051, 50.398652952259319 ], [ 19.096107906399016, 50.394158318009872 ], [ 19.100160945759711, 50.3896568260339 ], [ 19.096089723809047, 50.385162183699187 ], [ 19.100141999404268, 50.380660685814235 ], [ 19.096071550459193, 50.376166035394256 ], [ 19.100123062676328, 50.371664531599471 ], [ 19.096053386343332, 50.367169873094163 ], [ 19.100104135569502, 50.36266836338875 ], [ 19.096035231455328, 50.358173696798112 ], [ 19.100085218077414, 50.353672181181196 ], [ 19.096017085789072, 50.349177506505235 ], [ 19.100066310193682, 50.344675984975972 ], [ 19.095998949338448, 50.340181302214638 ], [ 19.100047411911948, 50.335679774772203 ], [ 19.095980822097346, 50.33118508392549 ], [ 19.100028523225838, 50.326683550569058 ], [ 19.095962704059662, 50.322188851636952 ], [ 19.100009644129003, 50.31768731236567 ], [ 19.095944595219304, 50.313192605348128 ], [ 19.099990774615087, 50.308691060161173 ], [ 19.095926495570179, 50.304196345058209 ], [ 19.099971914677742, 50.299694793954764 ], [ 19.095908405106201, 50.295200070766327 ], [ 19.099953064310636, 50.290698513745546 ], [ 19.09589032382129, 50.286203782471638 ], [ 19.099934223507425, 50.28170221953269 ], [ 19.095872251709373, 50.277207480173296 ], [ 19.099915392261789, 50.272705911315349 ], [ 19.095854188764381, 50.268211163870461 ], [ 19.099896570567406, 50.263709589092684 ], [ 19.095836134980246, 50.259214833562261 ], [ 19.09987775841795, 50.254713252863837 ], [ 19.095818090350917, 50.250218489247892 ], [ 19.099858955807118, 50.24571690262799 ], [ 19.095800054870338, 50.241222130926495 ], [ 19.099840162728604, 50.236720538384283 ], [ 19.095782028532462, 50.232225758597217 ], [ 19.099821379176106, 50.227724160131871 ], [ 19.095764011331248, 50.223229372259219 ], [ 19.099802605143328, 50.218727767869943 ], [ 19.095746003260661, 50.214232971911699 ], [ 19.099783840623985, 50.209731361597626 ], [ 19.095728004314669, 50.205236557553789 ], [ 19.099765085611796, 50.200734941314131 ], [ 19.095710014487249, 50.196240129184659 ], [ 19.099746340100484, 50.191738507018584 ], [ 19.095692033772384, 50.187243686803477 ], [ 19.099727604083771, 50.182742058710176 ], [ 19.095674062164051, 50.178247230409433 ], [ 19.099708877555404, 50.173745596388059 ], [ 19.095656099656249, 50.16925076000166 ], [ 19.099690160509113, 50.164749120051425 ], [ 19.095638146242976, 50.160254275579355 ], [ 19.099671452938651, 50.155752629699414 ], [ 19.09562020191823, 50.151257777141673 ], [ 19.099652754837766, 50.146756125331237 ], [ 19.095602266676021, 50.142261264687804 ], [ 19.099634066200213, 50.137759606946048 ], [ 19.095584340510364, 50.133264738216909 ], [ 19.099615387019764, 50.128763074543031 ], [ 19.095566423415274, 50.124268197728178 ], [ 19.099596717290176, 50.119766528121339 ], [ 19.095548515384781, 50.115271643220758 ], [ 19.099578057005235, 50.110769967680177 ], [ 19.095530616412908, 50.106275074693883 ], [ 19.099559406158715, 50.101773393218714 ], [ 19.095512726493695, 50.097278492146685 ], [ 19.099540764744404, 50.092776804736147 ], [ 19.095494845621179, 50.088281895578369 ], [ 19.099522132756089, 50.083780202231637 ], [ 19.095476973789406, 50.079285284988103 ], [ 19.099503510187574, 50.074783585704374 ], [ 19.095459110992433, 50.070288660375084 ], [ 19.099484897032657, 50.065786955153555 ], [ 19.095441257224312, 50.061292021738495 ], [ 19.099466293285143, 50.056790310578357 ], [ 19.095423412479107, 50.052295369077527 ], [ 19.099447698938857, 50.047793651977969 ], [ 19.095405576750881, 50.043298702391361 ], [ 19.099429113987608, 50.038796979351581 ], [ 19.095387750033712, 50.034302021679196 ], [ 19.099410538425225, 50.029800292698397 ], [ 19.095369932321674, 50.025305326940213 ], [ 19.099391972245542, 50.020803592017593 ], [ 19.095352123608858, 50.016308618173603 ], [ 19.087290983265362, 50.016314961720198 ], [ 19.083268186254948, 50.020816281120766 ], [ 19.075206289205173, 50.020821785603651 ], [ 19.071181986635015, 50.025322683207023 ], [ 19.075220337569892, 50.029818492050204 ], [ 19.071195285388061, 50.034319383446558 ], [ 19.075234393034176, 50.038815184471268 ], [ 19.071208590862348, 50.043316069661302 ], [ 19.075248455602683, 50.047811862867697 ] ] ], [ [ [ 19.095423412479107, 50.052295369077527 ], [ 19.099466293285143, 50.056790310578357 ], [ 19.095441257224312, 50.061292021738495 ], [ 19.099484897032657, 50.065786955153555 ], [ 19.095459110992433, 50.070288660375084 ], [ 19.099503510187574, 50.074783585704374 ], [ 19.09547697378941, 50.079285284988103 ], [ 19.099522132756093, 50.083780202231637 ], [ 19.095494845621182, 50.088281895578369 ], [ 19.099540764744404, 50.092776804736147 ], [ 19.095512726493695, 50.097278492146685 ], [ 19.099559406158715, 50.101773393218714 ], [ 19.095530616412908, 50.106275074693883 ], [ 19.099578057005235, 50.110769967680177 ], [ 19.095548515384781, 50.115271643220758 ], [ 19.099596717290179, 50.119766528121339 ], [ 19.095566423415278, 50.124268197728178 ], [ 19.099615387019764, 50.128763074543031 ], [ 19.095584340510364, 50.133264738216909 ], [ 19.099634066200217, 50.137759606946048 ], [ 19.095602266676021, 50.142261264687804 ], [ 19.099652754837766, 50.146756125331237 ], [ 19.09562020191823, 50.151257777141673 ], [ 19.099671452938651, 50.155752629699414 ], [ 19.095638146242976, 50.160254275579355 ], [ 19.099690160509116, 50.164749120051425 ], [ 19.095656099656249, 50.16925076000166 ], [ 19.099708877555404, 50.173745596388059 ], [ 19.095674062164051, 50.178247230409433 ], [ 19.099727604083775, 50.182742058710176 ], [ 19.095692033772384, 50.187243686803477 ], [ 19.099746340100484, 50.191738507018584 ], [ 19.095710014487249, 50.196240129184659 ], [ 19.099765085611796, 50.200734941314131 ], [ 19.095728004314669, 50.205236557553789 ], [ 19.099783840623985, 50.209731361597626 ], [ 19.095746003260661, 50.214232971911699 ], [ 19.099802605143328, 50.218727767869943 ], [ 19.095764011331248, 50.223229372259219 ], [ 19.099821379176106, 50.227724160131871 ], [ 19.095782028532462, 50.232225758597217 ], [ 19.099840162728604, 50.236720538384283 ], [ 19.095800054870338, 50.241222130926495 ], [ 19.099858955807118, 50.24571690262799 ], [ 19.095818090350917, 50.250218489247892 ], [ 19.09987775841795, 50.254713252863837 ], [ 19.095836134980249, 50.259214833562261 ], [ 19.099896570567406, 50.263709589092684 ], [ 19.095854188764381, 50.268211163870461 ], [ 19.099915392261789, 50.272705911315349 ], [ 19.095872251709377, 50.277207480173296 ], [ 19.099934223507429, 50.28170221953269 ], [ 19.09589032382129, 50.286203782471638 ], [ 19.099953064310636, 50.290698513745546 ], [ 19.095908405106204, 50.295200070766327 ], [ 19.099971914677742, 50.299694793954764 ], [ 19.095926495570183, 50.304196345058209 ], [ 19.099990774615087, 50.308691060161173 ], [ 19.095944595219304, 50.313192605348128 ], [ 19.100009644129003, 50.31768731236567 ], [ 19.095962704059662, 50.322188851636952 ], [ 19.100028523225838, 50.326683550569058 ], [ 19.095980822097346, 50.33118508392549 ], [ 19.100047411911948, 50.335679774772203 ], [ 19.095998949338451, 50.340181302214638 ], [ 19.100066310193686, 50.344675984975972 ], [ 19.096017085789075, 50.349177506505235 ], [ 19.100085218077414, 50.353672181181196 ], [ 19.096035231455332, 50.358173696798112 ], [ 19.100104135569506, 50.362668363388742 ], [ 19.096053386343332, 50.367169873094163 ], [ 19.100123062676328, 50.371664531599471 ], [ 19.096071550459197, 50.376166035394256 ], [ 19.100141999404268, 50.380660685814235 ], [ 19.096089723809047, 50.385162183699187 ], [ 19.100160945759711, 50.3896568260339 ], [ 19.096107906399016, 50.394158318009872 ], [ 19.100179901749051, 50.398652952259319 ], [ 19.096126098235239, 50.403154438327157 ], [ 19.10019886737868, 50.407649064491352 ], [ 19.096144299323857, 50.412150544651894 ], [ 19.100217842655006, 50.416645162730873 ], [ 19.096162509671018, 50.421146636984965 ], [ 19.100236827584439, 50.425641246978756 ], [ 19.096180729282874, 50.430142715327236 ], [ 19.100255822173395, 50.434637317235847 ], [ 19.096198958165584, 50.439138779679553 ], [ 19.100274826428297, 50.443633373503012 ], [ 19.096217196325306, 50.448134830042811 ], [ 19.100293840355565, 50.452629415781139 ], [ 19.096235443768219, 50.457130866417856 ], [ 19.100312863961637, 50.461625444071082 ], [ 19.09625370050049, 50.466126888805583 ], [ 19.100331897252953, 50.470621458373721 ], [ 19.096271966528306, 50.475122897206859 ], [ 19.100350940235963, 50.479617458689944 ], [ 19.096290241857847, 50.484118891622543 ], [ 19.100369992917106, 50.488613445020597 ], [ 19.096308526495317, 50.493114872053518 ], [ 19.100389055302845, 50.497609417366583 ], [ 19.096326820446901, 50.50211083850067 ], [ 19.10040812739965, 50.506605375728753 ], [ 19.096345123718809, 50.511106790964881 ], [ 19.100427209213976, 50.515601320107997 ], [ 19.108573067474421, 50.515594008987406 ], [ 19.112656701122084, 50.520088104881872 ], [ 19.12080332820064, 50.520079937605715 ], [ 19.124864773219667, 50.515577677031118 ], [ 19.120780371148253, 50.511084006366971 ], [ 19.124841048137849, 50.506581740165565 ], [ 19.120757425787787, 50.502088061143425 ], [ 19.124817335138154, 50.497585789314257 ], [ 19.120734492111453, 50.493092101934188 ], [ 19.124793634212541, 50.488589824476286 ], [ 19.120711570111478, 50.484096128738408 ], [ 19.124769945352973, 50.479593845650811 ], [ 19.120688659780093, 50.475100141555167 ], [ 19.124746268551423, 50.470597852836939 ], [ 19.120665761109535, 50.466104140383621 ], [ 19.124722603799874, 50.461601846033808 ], [ 19.120642874092045, 50.457108125222881 ], [ 19.124698951090306, 50.452605825240532 ], [ 19.120619998719881, 50.448112096072087 ], [ 19.124675310414716, 50.443609790456271 ], [ 19.120597134985292, 50.43911605293038 ], [ 19.124651681765105, 50.434613741680117 ], [ 19.120574282880554, 50.430119995796865 ], [ 19.124628065133482, 50.42561767891123 ], [ 19.120551442397932, 50.421123924670688 ], [ 19.124604460511865, 50.41662160214873 ], [ 19.120528613529711, 50.412127839550983 ], [ 19.124580867892274, 50.407625511391764 ], [ 19.120505796268176, 50.403131740436898 ], [ 19.12455728726674, 50.398629406639458 ], [ 19.120482990605623, 50.394135627327543 ], [ 19.124533718627301, 50.389633287890959 ], [ 19.120460196534349, 50.385139500222088 ], [ 19.124510161966008, 50.380637155145401 ], [ 19.120437414046663, 50.376143359119652 ], [ 19.124486617274901, 50.37164100840193 ], [ 19.120414643134886, 50.367147204019368 ], [ 19.124463084546051, 50.362644847659674 ], [ 19.120391883791331, 50.358151034920411 ], [ 19.124439563771514, 50.353648672917807 ], [ 19.120369136008332, 50.349154851821908 ], [ 19.124416054943378, 50.344652484175427 ], [ 19.120346399778224, 50.340158654722991 ], [ 19.124392558053714, 50.335656281431731 ], [ 19.120323675093356, 50.331162443622816 ], [ 19.124369073094613, 50.326660064685832 ], [ 19.120300961946072, 50.322166218520543 ], [ 19.12434560005817, 50.317663833936891 ], [ 19.120278260328725, 50.313169979415306 ], [ 19.124322138936495, 50.308667589184054 ], [ 19.120255570233688, 50.304173726306267 ], [ 19.124298689721691, 50.299671330426492 ], [ 19.120232891653327, 50.295177459192566 ], [ 19.124275252405873, 50.290675057663336 ], [ 19.120210224580024, 50.286181178073363 ], [ 19.124251826981173, 50.281678770893741 ], [ 19.120187569006159, 50.277184882947815 ], [ 19.124228413439717, 50.272682470116877 ], [ 19.120164924924122, 50.268188573815081 ], [ 19.124205011773647, 50.263686155331897 ], [ 19.120142292326321, 50.25919225067431 ], [ 19.124181621975108, 50.254689826537948 ], [ 19.120119671205156, 50.250195913524657 ], [ 19.124158244036256, 50.2456934837342 ], [ 19.120097061553043, 50.241199562365317 ], [ 19.124134877949245, 50.236697126919815 ], [ 19.120074463362396, 50.232203197195389 ], [ 19.124111523706251, 50.227700756093959 ], [ 19.120051876625645, 50.223206818014098 ], [ 19.124088181299442, 50.218704371255797 ], [ 19.120029301335222, 50.214210424820578 ], [ 19.124064850721002, 50.209707972404466 ], [ 19.120006737483568, 50.205214017613997 ], [ 19.124041531963123, 50.200711559539172 ], [ 19.119984185063132, 50.196217596393531 ], [ 19.124018225017995, 50.191715132659077 ], [ 19.119961644066365, 50.187221161158327 ], [ 19.123994929877828, 50.18271869176332 ], [ 19.119939114485732, 50.178224711907589 ], [ 19.123971646534823, 50.173722236851098 ], [ 19.119916596313693, 50.169228248640458 ], [ 19.123948374981204, 50.164725767921588 ], [ 19.119894089542729, 50.160231771356123 ], [ 19.123925115209197, 50.155729284973944 ], [ 19.119871594165321, 50.151235280053761 ], [ 19.123901867211032, 50.146732788007341 ], [ 19.119849110173956, 50.142238774732526 ], [ 19.12387863097894, 50.137736277020991 ], [ 19.119826637561133, 50.133242255391622 ], [ 19.123855406505179, 50.128739752014042 ], [ 19.119804176319345, 50.12424572203021 ], [ 19.123832193781993, 50.119743212985661 ], [ 19.119781726441108, 50.115249174647467 ], [ 19.123808992801642, 50.11074665993506 ], [ 19.119759287918935, 50.106252613242589 ], [ 19.123785803556395, 50.101750092861394 ], [ 19.119736860745348, 50.097256037814745 ], [ 19.123762626038527, 50.092753511763874 ], [ 19.11971444491288, 50.088259448363146 ], [ 19.123739460240319, 50.083756916641669 ], [ 19.119692040414058, 50.079262844886927 ], [ 19.123716306154051, 50.074760307493946 ], [ 19.119669647241434, 50.070266227385311 ], [ 19.123693163772028, 50.065763684319919 ], [ 19.119647265387552, 50.061269595857482 ], [ 19.123670033086544, 50.056767047118782 ], [ 19.119624894844971, 50.052272950302616 ], [ 19.123646914089914, 50.047770395889707 ], [ 19.119602535606255, 50.043276290719909 ], [ 19.123623806774447, 50.038773730631888 ], [ 19.119580187663971, 50.034279617108581 ], [ 19.111516045211868, 50.034287645609389 ], [ 19.107473932793447, 50.029793105802177 ], [ 19.111495214870086, 50.025290955425007 ], [ 19.107453860679328, 50.020796407398251 ], [ 19.099391972245542, 50.020803592017593 ], [ 19.095369932321677, 50.025305326940213 ], [ 19.099410538425225, 50.029800292698397 ], [ 19.095387750033712, 50.034302021679196 ], [ 19.099429113987608, 50.038796979351581 ], [ 19.095405576750885, 50.043298702391361 ], [ 19.099447698938857, 50.047793651977969 ], [ 19.095423412479107, 50.052295369077527 ] ] ], [ [ [ 19.119647265387552, 50.061269595857482 ], [ 19.123693163772028, 50.065763684319919 ], [ 19.119669647241434, 50.070266227385311 ], [ 19.123716306154055, 50.074760307493946 ], [ 19.119692040414058, 50.079262844886927 ], [ 19.123739460240319, 50.083756916641669 ], [ 19.11971444491288, 50.088259448363146 ], [ 19.12376262603853, 50.092753511763874 ], [ 19.119736860745348, 50.097256037814745 ], [ 19.123785803556398, 50.101750092861394 ], [ 19.119759287918935, 50.106252613242589 ], [ 19.123808992801642, 50.11074665993506 ], [ 19.119781726441108, 50.115249174647467 ], [ 19.123832193781993, 50.119743212985661 ], [ 19.119804176319345, 50.12424572203021 ], [ 19.123855406505179, 50.128739752014042 ], [ 19.119826637561133, 50.133242255391622 ], [ 19.123878630978943, 50.137736277020991 ], [ 19.119849110173959, 50.142238774732526 ], [ 19.123901867211032, 50.146732788007341 ], [ 19.119871594165325, 50.151235280053761 ], [ 19.1239251152092, 50.155729284973944 ], [ 19.119894089542733, 50.160231771356123 ], [ 19.123948374981204, 50.164725767921588 ], [ 19.119916596313693, 50.169228248640458 ], [ 19.123971646534827, 50.173722236851098 ], [ 19.119939114485732, 50.178224711907589 ], [ 19.123994929877828, 50.18271869176332 ], [ 19.119961644066368, 50.187221161158327 ], [ 19.124018225017995, 50.191715132659077 ], [ 19.119984185063132, 50.196217596393531 ], [ 19.124041531963123, 50.200711559539172 ], [ 19.120006737483568, 50.205214017613997 ], [ 19.124064850721002, 50.209707972404466 ], [ 19.120029301335222, 50.214210424820578 ], [ 19.124088181299442, 50.218704371255797 ], [ 19.120051876625645, 50.223206818014098 ], [ 19.124111523706251, 50.227700756093959 ], [ 19.120074463362396, 50.232203197195389 ], [ 19.124134877949245, 50.236697126919815 ], [ 19.120097061553043, 50.241199562365317 ], [ 19.124158244036256, 50.2456934837342 ], [ 19.120119671205156, 50.250195913524657 ], [ 19.124181621975112, 50.254689826537948 ], [ 19.120142292326321, 50.25919225067431 ], [ 19.124205011773647, 50.263686155331897 ], [ 19.120164924924122, 50.268188573815081 ], [ 19.124228413439717, 50.272682470116877 ], [ 19.120187569006159, 50.277184882947815 ], [ 19.124251826981173, 50.281678770893741 ], [ 19.120210224580024, 50.286181178073363 ], [ 19.124275252405873, 50.290675057663336 ], [ 19.120232891653327, 50.295177459192566 ], [ 19.124298689721691, 50.299671330426492 ], [ 19.120255570233688, 50.304173726306267 ], [ 19.124322138936495, 50.308667589184054 ], [ 19.120278260328725, 50.313169979415306 ], [ 19.124345600058174, 50.317663833936891 ], [ 19.120300961946072, 50.322166218520543 ], [ 19.124369073094616, 50.326660064685832 ], [ 19.120323675093356, 50.331162443622816 ], [ 19.124392558053717, 50.335656281431731 ], [ 19.120346399778228, 50.340158654722991 ], [ 19.124416054943378, 50.344652484175427 ], [ 19.120369136008332, 50.349154851821908 ], [ 19.124439563771517, 50.353648672917807 ], [ 19.120391883791331, 50.358151034920411 ], [ 19.124463084546051, 50.362644847659674 ], [ 19.120414643134886, 50.367147204019368 ], [ 19.124486617274904, 50.37164100840193 ], [ 19.120437414046663, 50.376143359119652 ], [ 19.124510161966008, 50.380637155145401 ], [ 19.120460196534349, 50.385139500222088 ], [ 19.124533718627301, 50.389633287890959 ], [ 19.120482990605623, 50.394135627327543 ], [ 19.124557287266743, 50.398629406639458 ], [ 19.120505796268176, 50.403131740436898 ], [ 19.124580867892274, 50.407625511391764 ], [ 19.120528613529711, 50.412127839550983 ], [ 19.124604460511865, 50.41662160214873 ], [ 19.120551442397932, 50.421123924670688 ], [ 19.124628065133482, 50.42561767891123 ], [ 19.120574282880554, 50.430119995796865 ], [ 19.124651681765105, 50.434613741680117 ], [ 19.120597134985296, 50.43911605293038 ], [ 19.124675310414716, 50.443609790456271 ], [ 19.120619998719881, 50.448112096072087 ], [ 19.124698951090306, 50.452605825240532 ], [ 19.120642874092049, 50.457108125222881 ], [ 19.124722603799874, 50.461601846033808 ], [ 19.120665761109535, 50.466104140383621 ], [ 19.124746268551423, 50.470597852836939 ], [ 19.120688659780093, 50.475100141555167 ], [ 19.124769945352977, 50.479593845650811 ], [ 19.120711570111482, 50.484096128738408 ], [ 19.124793634212541, 50.488589824476286 ], [ 19.120734492111453, 50.493092101934188 ], [ 19.124817335138157, 50.497585789314257 ], [ 19.120757425787787, 50.502088061143425 ], [ 19.124841048137849, 50.506581740165565 ], [ 19.120780371148253, 50.511084006366971 ], [ 19.124864773219667, 50.515577677031118 ], [ 19.12080332820064, 50.520079937605715 ], [ 19.124888510391663, 50.52457359991179 ], [ 19.133035905890072, 50.524564576209464 ], [ 19.137122637015043, 50.529057804587346 ], [ 19.145270800534519, 50.529047924188298 ], [ 19.149359080983775, 50.533540718298134 ], [ 19.15750801212501, 50.53352998093191 ], [ 19.16156711323428, 50.529026452869111 ], [ 19.157478065558024, 50.524534084598585 ], [ 19.16153639983499, 50.5200305513155 ], [ 19.157448134246227, 50.515538174276507 ], [ 19.161505702080301, 50.511034635772027 ], [ 19.157418218179473, 50.506542249964795 ], [ 19.161475019959795, 50.502038706237798 ], [ 19.1573883173476, 50.49754631166256 ], [ 19.161444353463057, 50.493042762711966 ], [ 19.157358431740469, 50.488550359368944 ], [ 19.161413702579697, 50.48404680519365 ], [ 19.157328561347953, 50.479554393083085 ], [ 19.161383067299322, 50.475050833681955 ], [ 19.157298706159921, 50.470558412804074 ], [ 19.161352447611549, 50.466054848176029 ], [ 19.157268866166266, 50.461562418531081 ], [ 19.161321843506013, 50.457058848675004 ], [ 19.157239041356881, 50.452566410263216 ], [ 19.161291254972351, 50.448062835178014 ], [ 19.157209231721669, 50.443570387999621 ], [ 19.161260682000211, 50.439066807684192 ], [ 19.157179437250552, 50.434574351739428 ], [ 19.161230124579244, 50.430070766192664 ], [ 19.157149657933441, 50.425578301481778 ], [ 19.161199582699133, 50.421074710702591 ], [ 19.157119893760274, 50.416582237225789 ], [ 19.161169056349543, 50.412078641213078 ], [ 19.157090144721, 50.407586158970624 ], [ 19.16113854552016, 50.403082557723316 ], [ 19.15706041080556, 50.398590066715414 ], [ 19.161108050200689, 50.39408646023238 ], [ 19.157030692003918, 50.389593960459308 ], [ 19.161077570380826, 50.38509034873946 ], [ 19.157000988306045, 50.380597840201425 ], [ 19.161047106050287, 50.376094223243705 ], [ 19.156971299701919, 50.37160170594094 ], [ 19.1610166571988, 50.367098083744217 ], [ 19.156941626181524, 50.362605557676979 ], [ 19.160986223816096, 50.358101930240174 ], [ 19.156911967734857, 50.353609395408689 ], [ 19.16095580589192, 50.349105762730723 ], [ 19.15688232435193, 50.344613219135226 ], [ 19.160925403416019, 50.34010958121501 ], [ 19.156852696022753, 50.335617028855737 ], [ 19.160895016378159, 50.331113385692163 ], [ 19.15682308273735, 50.326620824569375 ], [ 19.160864644768107, 50.322117176161385 ], [ 19.15679348448576, 50.317624606275288 ], [ 19.16083428857565, 50.31312095262178 ], [ 19.156763901258017, 50.308628373972617 ], [ 19.160803947790569, 50.304124715072533 ], [ 19.156734333044177, 50.299632127660544 ], [ 19.160773622402669, 50.295128463512782 ], [ 19.156704779834303, 50.290635867338217 ], [ 19.160743312401756, 50.286132197941697 ], [ 19.156675241618462, 50.281639593004783 ], [ 19.160713017777645, 50.277135918358439 ], [ 19.156645718386731, 50.272643304659418 ], [ 19.160682738520165, 50.268139624762156 ], [ 19.156616210129197, 50.263647002301269 ], [ 19.160652474619155, 50.259143317152017 ], [ 19.15658671683596, 50.254650685929512 ], [ 19.160622226064454, 50.250146995527174 ], [ 19.156557238497129, 50.245654355543273 ], [ 19.160591992845923, 50.24115065988682 ], [ 19.156527775102806, 50.236658011141763 ], [ 19.160561774953415, 50.232154310230086 ], [ 19.156498326643131, 50.227661652724137 ], [ 19.160531572376819, 50.223157946556164 ], [ 19.156468893108222, 50.218665280289535 ], [ 19.160501385106002, 50.21416156886422 ], [ 19.156439474488231, 50.209668893837154 ], [ 19.160471213130862, 50.205165177153404 ], [ 19.156410070773305, 50.200672493366156 ], [ 19.160441056441297, 50.196168771422904 ], [ 19.156380681953603, 50.191676078875716 ], [ 19.160410915027221, 50.187172351671897 ], [ 19.156351308019296, 50.182679650364996 ], [ 19.160380788878552, 50.178175917899544 ], [ 19.15632194896056, 50.173683207833179 ], [ 19.160350677985214, 50.169179470105036 ], [ 19.156292604767579, 50.16468675127944 ], [ 19.160320582337146, 50.160183008287525 ], [ 19.156263275430554, 50.155690280702963 ], [ 19.160290501924298, 50.151186532446211 ], [ 19.156233960939687, 50.146693796102888 ], [ 19.160260436736621, 50.142190042580268 ], [ 19.156204661285187, 50.137697297478461 ], [ 19.160230386764081, 50.133193538688886 ], [ 19.156175376457281, 50.128700784828808 ], [ 19.160200351996654, 50.124197020771213 ], [ 19.156146106446201, 50.119704258153142 ], [ 19.160170332424318, 50.115200488826467 ], [ 19.156116851242182, 50.11070771745063 ], [ 19.16014032803707, 50.106203942853831 ], [ 19.156087610835474, 50.101711162720449 ], [ 19.160110338824907, 50.097207382852481 ], [ 19.156058385216337, 50.092714593961823 ], [ 19.160080364777844, 50.088210808821607 ], [ 19.156029174375039, 50.0837180111739 ], [ 19.160050405885894, 50.079214220760385 ], [ 19.155999978301846, 50.074721414355892 ], [ 19.160020462139091, 50.070217618668032 ], [ 19.155970796987052, 50.065724803506974 ], [ 19.159990533527466, 50.061221002543725 ], [ 19.155941630420951, 50.056728178626358 ], [ 19.159960620041073, 50.052224372386647 ], [ 19.155912478593837, 50.047731539713226 ], [ 19.159930721669962, 50.043227728196008 ], [ 19.155883341496018, 50.038734886766761 ], [ 19.147818464540826, 50.038745438327993 ], [ 19.143772591427204, 50.034252169749927 ], [ 19.135708461025398, 50.034261879178175 ], [ 19.131664094595916, 50.029768183784306 ], [ 19.123600711132472, 50.029777051344531 ], [ 19.119580187663971, 50.034279617108581 ], [ 19.12362380677445, 50.038773730631888 ], [ 19.119602535606255, 50.043276290719909 ], [ 19.123646914089914, 50.047770395889707 ], [ 19.119624894844975, 50.052272950302616 ], [ 19.123670033086544, 50.056767047118782 ], [ 19.119647265387552, 50.061269595857482 ] ] ], [ [ [ 19.160110338824911, 50.097207382852481 ], [ 19.156087610835474, 50.101711162720449 ], [ 19.16014032803707, 50.106203942853831 ], [ 19.156116851242182, 50.11070771745063 ], [ 19.160170332424318, 50.115200488826467 ], [ 19.156146106446201, 50.119704258153142 ], [ 19.160200351996654, 50.124197020771213 ], [ 19.156175376457281, 50.128700784828808 ], [ 19.160230386764081, 50.133193538688886 ], [ 19.156204661285191, 50.137697297478461 ], [ 19.160260436736621, 50.142190042580268 ], [ 19.156233960939687, 50.146693796102888 ], [ 19.160290501924298, 50.151186532446211 ], [ 19.156263275430554, 50.155690280702963 ], [ 19.16032058233715, 50.160183008287525 ], [ 19.156292604767579, 50.16468675127944 ], [ 19.160350677985214, 50.169179470105036 ], [ 19.15632194896056, 50.173683207833179 ], [ 19.160380788878552, 50.178175917899544 ], [ 19.156351308019296, 50.182679650364996 ], [ 19.160410915027224, 50.187172351671897 ], [ 19.156380681953603, 50.191676078875716 ], [ 19.160441056441297, 50.196168771422904 ], [ 19.156410070773305, 50.200672493366156 ], [ 19.160471213130862, 50.205165177153404 ], [ 19.156439474488234, 50.209668893837154 ], [ 19.160501385106002, 50.21416156886422 ], [ 19.156468893108222, 50.218665280289535 ], [ 19.160531572376819, 50.223157946556164 ], [ 19.156498326643131, 50.227661652724137 ], [ 19.160561774953418, 50.232154310230086 ], [ 19.156527775102806, 50.236658011141763 ], [ 19.160591992845923, 50.24115065988682 ], [ 19.156557238497129, 50.245654355543273 ], [ 19.160622226064454, 50.250146995527174 ], [ 19.15658671683596, 50.254650685929512 ], [ 19.160652474619155, 50.259143317152017 ], [ 19.156616210129197, 50.263647002301269 ], [ 19.160682738520169, 50.268139624762156 ], [ 19.156645718386731, 50.272643304659418 ], [ 19.160713017777645, 50.277135918358439 ], [ 19.156675241618462, 50.281639593004783 ], [ 19.16074331240176, 50.286132197941697 ], [ 19.156704779834303, 50.290635867338217 ], [ 19.160773622402669, 50.295128463512782 ], [ 19.156734333044181, 50.299632127660544 ], [ 19.160803947790569, 50.304124715072533 ], [ 19.156763901258021, 50.308628373972617 ], [ 19.16083428857565, 50.31312095262178 ], [ 19.15679348448576, 50.317624606275288 ], [ 19.160864644768111, 50.322117176161385 ], [ 19.15682308273735, 50.326620824569375 ], [ 19.160895016378163, 50.331113385692163 ], [ 19.156852696022753, 50.335617028855737 ], [ 19.160925403416019, 50.34010958121501 ], [ 19.156882324351933, 50.344613219135226 ], [ 19.16095580589192, 50.349105762730723 ], [ 19.156911967734857, 50.353609395408689 ], [ 19.160986223816096, 50.358101930240174 ], [ 19.156941626181524, 50.362605557676979 ], [ 19.1610166571988, 50.367098083744217 ], [ 19.156971299701919, 50.37160170594094 ], [ 19.161047106050287, 50.376094223243705 ], [ 19.157000988306045, 50.380597840201425 ], [ 19.161077570380826, 50.38509034873946 ], [ 19.157030692003922, 50.389593960459308 ], [ 19.161108050200689, 50.39408646023238 ], [ 19.15706041080556, 50.398590066715414 ], [ 19.16113854552016, 50.403082557723316 ], [ 19.157090144721, 50.407586158970624 ], [ 19.161169056349543, 50.412078641213078 ], [ 19.157119893760278, 50.416582237225789 ], [ 19.161199582699133, 50.421074710702591 ], [ 19.157149657933441, 50.425578301481778 ], [ 19.161230124579248, 50.430070766192664 ], [ 19.157179437250552, 50.434574351739428 ], [ 19.161260682000211, 50.439066807684192 ], [ 19.157209231721673, 50.443570387999621 ], [ 19.161291254972351, 50.448062835178014 ], [ 19.157239041356881, 50.452566410263216 ], [ 19.161321843506016, 50.457058848675004 ], [ 19.157268866166266, 50.461562418531081 ], [ 19.161352447611552, 50.466054848176029 ], [ 19.157298706159921, 50.470558412804074 ], [ 19.161383067299322, 50.475050833681955 ], [ 19.157328561347953, 50.479554393083085 ], [ 19.161413702579697, 50.48404680519365 ], [ 19.157358431740469, 50.488550359368944 ], [ 19.161444353463057, 50.493042762711966 ], [ 19.1573883173476, 50.49754631166256 ], [ 19.161475019959795, 50.502038706237798 ], [ 19.157418218179473, 50.506542249964795 ], [ 19.161505702080301, 50.511034635772027 ], [ 19.157448134246227, 50.515538174276507 ], [ 19.161536399834993, 50.5200305513155 ], [ 19.157478065558024, 50.524534084598585 ], [ 19.16156711323428, 50.529026452869111 ], [ 19.15750801212501, 50.53352998093191 ], [ 19.1615978422886, 50.538022340433734 ], [ 19.169747540651755, 50.538010745829929 ], [ 19.173805858878861, 50.53350679541019 ], [ 19.181954773964975, 50.533494347256458 ], [ 19.186011542488444, 50.528989969600197 ], [ 19.181920179460395, 50.524498462248744 ], [ 19.185976182341147, 50.519994079641876 ], [ 19.181885602578703, 50.515502563247985 ], [ 19.185940840205348, 50.510998175689302 ], [ 19.181851043308157, 50.506506650253314 ], [ 19.185905516069049, 50.502002257741594 ], [ 19.181816501637034, 50.497510723263844 ], [ 19.185870209920271, 50.493006325797886 ], [ 19.181781977553619, 50.488514782278713 ], [ 19.185834921747038, 50.484010379857324 ], [ 19.181747471046208, 50.479518827297056 ], [ 19.185799651537394, 50.47501441991902 ], [ 19.181712982103104, 50.470522858318006 ], [ 19.185764399279382, 50.466018445982101 ], [ 19.181678510712626, 50.461526875340674 ], [ 19.185729164961064, 50.457022458045721 ], [ 19.181644056863099, 50.452530878364222 ], [ 19.185693948570517, 50.448026456108998 ], [ 19.181609620542865, 50.443534867387775 ], [ 19.185658750095818, 50.439030440171102 ], [ 19.181575201740269, 50.434538842410483 ], [ 19.185623569525067, 50.430034410231144 ], [ 19.181540800443674, 50.425542803431469 ], [ 19.185588406846357, 50.421038366288265 ], [ 19.181506416641447, 50.416546750449868 ], [ 19.185553262047815, 50.412042308341618 ], [ 19.181472050321972, 50.407550683464827 ], [ 19.185518135117558, 50.403046236390338 ], [ 19.181437701473637, 50.398554602475528 ], [ 19.185483026043727, 50.394050150433571 ], [ 19.181403370084844, 50.389558507481055 ], [ 19.185447934814469, 50.385054050470458 ], [ 19.18136905614401, 50.380562398480578 ], [ 19.185412861417944, 50.37605793650016 ], [ 19.181334759639554, 50.371566275473263 ], [ 19.185377805842318, 50.367061808521811 ], [ 19.181300480559909, 50.362570138458231 ], [ 19.185342768075774, 50.358065666534564 ], [ 19.181266218893519, 50.353573987434658 ], [ 19.185307748106503, 50.349069510537582 ], [ 19.181231974628844, 50.344577822401668 ], [ 19.185272745922703, 50.340073340529997 ], [ 19.181197747754346, 50.335581643358417 ], [ 19.185237761512592, 50.331077156510979 ], [ 19.181163538258502, 50.326585450304087 ], [ 19.185202794864388, 50.322080958479674 ], [ 19.181129346129797, 50.317589243237791 ], [ 19.185167845966326, 50.313084746435258 ], [ 19.181095171356727, 50.308593022158725 ], [ 19.185132914806658, 50.304088520376865 ], [ 19.181061013927803, 50.299596787066044 ], [ 19.185098001373628, 50.295092280303649 ], [ 19.181026873831538, 50.290600537958873 ], [ 19.185063105655512, 50.286096026214793 ], [ 19.180992751056465, 50.281604274836397 ], [ 19.185028227640579, 50.277099758109472 ], [ 19.180958645591122, 50.272607997697783 ], [ 19.184993367317123, 50.268103475986806 ], [ 19.180924557424056, 50.263611706542193 ], [ 19.184958524673437, 50.259107179845969 ], [ 19.180890486543831, 50.254615401368774 ], [ 19.184923699697837, 50.250110869686161 ], [ 19.180856432939009, 50.245619082176709 ], [ 19.184888892378634, 50.24111454550652 ], [ 19.180822396598177, 50.236622748965154 ], [ 19.184854102704161, 50.232118207306229 ], [ 19.180788377509927, 50.227626401733296 ], [ 19.172691699291551, 50.227638716201263 ], [ 19.168627497250451, 50.223146480113648 ], [ 19.172659220211631, 50.218642351042135 ], [ 19.180754375662858, 50.218630040480292 ], [ 19.184784576242784, 50.214125488840359 ], [ 19.180720391045579, 50.209633665205317 ], [ 19.184749839432591, 50.205129108573118 ], [ 19.180686423646719, 50.200637275907532 ], [ 19.184715120220556, 50.196132714281909 ], [ 19.180652473454899, 50.191640872586142 ], [ 19.184680418595065, 50.187136305965922 ], [ 19.180618540458777, 50.182644455240293 ], [ 19.184645734544503, 50.178139883624311 ], [ 19.180584624646993, 50.173648023869163 ], [ 19.184611068057283, 50.169143447256268 ], [ 19.180550726008217, 50.164651578471961 ], [ 19.184576419121818, 50.160146996860966 ], [ 19.18051684453112, 50.155655119047822 ], [ 19.184541787726531, 50.151150532437597 ], [ 19.180482980204388, 50.146658645595963 ], [ 19.18450717385986, 50.142154053985323 ], [ 19.180449133016715, 50.13766215811556 ], [ 19.184472577510249, 50.133157561503353 ], [ 19.180415302956806, 50.128665656605783 ], [ 19.184437998666155, 50.124161054990836 ], [ 19.180381490013374, 50.119669141065835 ], [ 19.184403437316053, 50.115164534447011 ], [ 19.180347694175143, 50.110672611494891 ], [ 19.184368893448408, 50.106167999871026 ], [ 19.180313915430851, 50.101676067892129 ], [ 19.184334367051715, 50.097171451262078 ], [ 19.180280153769242, 50.092679510256765 ], [ 19.184299858114475, 50.088174888619371 ], [ 19.180246409179077, 50.083682938587991 ], [ 19.184265366625194, 50.079178311942073 ], [ 19.180212681649113, 50.07468635288496 ], [ 19.184230892572391, 50.070181721229396 ], [ 19.180178971168132, 50.065689753146891 ], [ 19.184196435944603, 50.061185116480523 ], [ 19.180145277724918, 50.056693139373003 ], [ 19.172077400626886, 50.056705379873321 ], [ 19.168027750981384, 50.052212974816193 ], [ 19.172045232403239, 50.047708748184228 ], [ 19.16799634479306, 50.043216334236902 ], [ 19.159930721669962, 50.043227728196008 ], [ 19.155912478593837, 50.047731539713226 ], [ 19.159960620041073, 50.052224372386647 ], [ 19.155941630420951, 50.056728178626358 ], [ 19.15999053352747, 50.061221002543725 ], [ 19.155970796987056, 50.065724803506974 ], [ 19.160020462139091, 50.070217618668032 ], [ 19.15599997830185, 50.074721414355892 ], [ 19.160050405885894, 50.079214220760385 ], [ 19.156029174375039, 50.0837180111739 ], [ 19.160080364777844, 50.088210808821607 ], [ 19.15605838521634, 50.092714593961823 ], [ 19.160110338824911, 50.097207382852481 ] ] ], [ [ [ 19.181061013927806, 50.299596787066044 ], [ 19.185132914806658, 50.304088520376865 ], [ 19.181095171356727, 50.308593022158725 ], [ 19.18516784596633, 50.313084746435258 ], [ 19.181129346129797, 50.317589243237791 ], [ 19.185202794864388, 50.322080958479674 ], [ 19.181163538258502, 50.326585450304087 ], [ 19.185237761512592, 50.331077156510979 ], [ 19.181197747754346, 50.335581643358417 ], [ 19.185272745922703, 50.340073340529997 ], [ 19.181231974628847, 50.344577822401668 ], [ 19.185307748106503, 50.349069510537582 ], [ 19.181266218893519, 50.353573987434658 ], [ 19.185342768075774, 50.358065666534564 ], [ 19.181300480559909, 50.362570138458231 ], [ 19.185377805842318, 50.367061808521811 ], [ 19.181334759639554, 50.371566275473263 ], [ 19.185412861417944, 50.37605793650016 ], [ 19.18136905614401, 50.380562398480578 ], [ 19.185447934814469, 50.385054050470458 ], [ 19.181403370084844, 50.389558507481055 ], [ 19.185483026043727, 50.394050150433571 ], [ 19.181437701473637, 50.398554602475528 ], [ 19.185518135117562, 50.403046236390338 ], [ 19.181472050321972, 50.407550683464827 ], [ 19.185553262047815, 50.412042308341618 ], [ 19.181506416641447, 50.416546750449868 ], [ 19.18558840684636, 50.421038366288265 ], [ 19.181540800443674, 50.425542803431469 ], [ 19.185623569525067, 50.430034410231144 ], [ 19.181575201740269, 50.434538842410483 ], [ 19.185658750095822, 50.439030440171102 ], [ 19.181609620542865, 50.443534867387775 ], [ 19.185693948570517, 50.448026456108998 ], [ 19.181644056863099, 50.452530878364222 ], [ 19.185729164961064, 50.457022458045721 ], [ 19.181678510712626, 50.461526875340674 ], [ 19.185764399279382, 50.466018445982101 ], [ 19.181712982103104, 50.470522858318006 ], [ 19.185799651537394, 50.47501441991902 ], [ 19.181747471046208, 50.479518827297056 ], [ 19.185834921747038, 50.484010379857324 ], [ 19.181781977553619, 50.488514782278713 ], [ 19.185870209920271, 50.493006325797886 ], [ 19.181816501637034, 50.497510723263844 ], [ 19.185905516069049, 50.502002257741594 ], [ 19.181851043308157, 50.506506650253314 ], [ 19.185940840205348, 50.510998175689302 ], [ 19.181885602578703, 50.515502563247985 ], [ 19.185976182341147, 50.519994079641876 ], [ 19.181920179460395, 50.524498462248744 ], [ 19.186011542488444, 50.528989969600197 ], [ 19.181954773964979, 50.533494347256458 ], [ 19.186046920659244, 50.537985845565146 ], [ 19.194196601776898, 50.53797253990605 ], [ 19.19825258623932, 50.533467740168049 ], [ 19.20640148290105, 50.533453581235406 ], [ 19.210455917672114, 50.528948354805827 ], [ 19.206362240494123, 50.524457709184524 ], [ 19.210415910812824, 50.519952478073698 ], [ 19.206323018077736, 50.515461823135681 ], [ 19.210375924331895, 50.510956587342314 ], [ 19.206283815638582, 50.50646592308803 ], [ 19.210335958215758, 50.501960682610786 ], [ 19.206244633163358, 50.49747000904069 ], [ 19.210296012450851, 50.492964763878263 ], [ 19.206205470638771, 50.488474080992795 ], [ 19.210256087023634, 50.483968831143898 ], [ 19.206166328051545, 50.479478138943485 ], [ 19.210216181920568, 50.474972884406796 ], [ 19.206127205388416, 50.470482182891885 ], [ 19.210176297128136, 50.465976923666098 ], [ 19.206088102636134, 50.461486212837158 ], [ 19.210136432632826, 50.456980948920958 ], [ 19.206049019781457, 50.452490228778387 ], [ 19.210096588421148, 50.447984960170515 ], [ 19.206009956811151, 50.443494230714784 ], [ 19.210056764479614, 50.438988957413883 ], [ 19.205970913712004, 50.434498218645437 ], [ 19.210016960794754, 50.429992940650237 ], [ 19.205931890470811, 50.42550219256951 ], [ 19.20997717735311, 50.42099690987871 ], [ 19.205892887074381, 50.416506152486129 ], [ 19.209937414141233, 50.412000865098435 ], [ 19.205853903509531, 50.407510098394461 ], [ 19.20989767114569, 50.40300480630858 ], [ 19.205814939763094, 50.398514030293647 ], [ 19.209857948353058, 50.394008733508265 ], [ 19.205775995821913, 50.389517948182842 ], [ 19.209818245749929, 50.385012646696659 ], [ 19.205737071672846, 50.380521852061158 ], [ 19.209778563322907, 50.376016545872915 ], [ 19.20569816730276, 50.37152574192779 ], [ 19.209738901058603, 50.36702043103616 ], [ 19.205659282698534, 50.362529617781867 ], [ 19.209699258943644, 50.358024302185584 ], [ 19.205620417847058, 50.353533479622548 ], [ 19.209659636964673, 50.349028159320319 ], [ 19.205581572735237, 50.344537327448982 ], [ 19.20962003510834, 50.340032002439528 ], [ 19.205542747349991, 50.335541161260345 ], [ 19.209580453361305, 50.331035831542351 ], [ 19.205503941678241, 50.326544981055775 ], [ 19.209540891710247, 50.322039646627992 ], [ 19.205465155706936, 50.317548786834422 ], [ 19.209501350141856, 50.313043447695549 ], [ 19.205426389423014, 50.308552578595467 ], [ 19.209461828642826, 50.304047234744218 ], [ 19.205387642813452, 50.299556356338066 ], [ 19.209422327199871, 50.295051007773175 ], [ 19.205348915865216, 50.290560120061386 ], [ 19.20938284579972, 50.286054766781547 ], [ 19.205310208565294, 50.281563869764568 ], [ 19.209343384429101, 50.277058511768523 ], [ 19.205271520900691, 50.27256760544681 ], [ 19.209303943074772, 50.268062242733279 ], [ 19.205232852858412, 50.26357132710725 ], [ 19.209264521723487, 50.259065959674963 ], [ 19.205194204425482, 50.254575034745081 ], [ 19.209225120362024, 50.25006966259275 ], [ 19.205155575588936, 50.245578728359455 ], [ 19.209185738977162, 50.241073351485824 ], [ 19.205116966335822, 50.236582407949548 ], [ 19.209146377555697, 50.23207702635333 ], [ 19.205078376653194, 50.227586073514544 ], [ 19.196981716448125, 50.227600080388932 ], [ 19.192915238686851, 50.223108696499608 ], [ 19.184819330662759, 50.22312185508445 ], [ 19.180788377509927, 50.227626401733296 ], [ 19.184854102704161, 50.232118207306229 ], [ 19.180822396598177, 50.236622748965154 ], [ 19.184888892378634, 50.24111454550652 ], [ 19.180856432939009, 50.245619082176709 ], [ 19.184923699697837, 50.250110869686161 ], [ 19.180890486543831, 50.254615401368774 ], [ 19.184958524673441, 50.259107179845969 ], [ 19.180924557424056, 50.263611706542193 ], [ 19.184993367317123, 50.268103475986806 ], [ 19.180958645591122, 50.272607997697783 ], [ 19.185028227640579, 50.277099758109472 ], [ 19.180992751056465, 50.281604274836397 ], [ 19.185063105655512, 50.286096026214793 ], [ 19.181026873831538, 50.290600537958873 ], [ 19.185098001373628, 50.295092280303649 ], [ 19.181061013927806, 50.299596787066044 ] ] ], [ [ [ 19.184299858114478, 50.088174888619371 ], [ 19.180280153769246, 50.092679510256765 ], [ 19.184334367051719, 50.097171451262078 ], [ 19.180313915430851, 50.101676067892129 ], [ 19.184368893448408, 50.106167999871026 ], [ 19.180347694175143, 50.110672611494891 ], [ 19.184403437316053, 50.115164534447011 ], [ 19.180381490013374, 50.119669141065835 ], [ 19.184437998666159, 50.124161054990836 ], [ 19.180415302956806, 50.128665656605783 ], [ 19.184472577510252, 50.133157561503353 ], [ 19.180449133016715, 50.13766215811556 ], [ 19.18450717385986, 50.142154053985323 ], [ 19.180482980204392, 50.146658645595963 ], [ 19.184541787726531, 50.151150532437597 ], [ 19.18051684453112, 50.155655119047822 ], [ 19.184576419121818, 50.160146996860966 ], [ 19.180550726008221, 50.164651578471961 ], [ 19.184611068057283, 50.169143447256268 ], [ 19.180584624646993, 50.173648023869163 ], [ 19.184645734544507, 50.178139883624311 ], [ 19.180618540458777, 50.182644455240293 ], [ 19.184680418595065, 50.187136305965922 ], [ 19.180652473454902, 50.191640872586142 ], [ 19.184715120220556, 50.196132714281909 ], [ 19.180686423646719, 50.200637275907532 ], [ 19.184749839432591, 50.205129108573118 ], [ 19.180720391045583, 50.209633665205317 ], [ 19.184784576242784, 50.214125488840359 ], [ 19.192878961891349, 50.214112334429274 ], [ 19.196907640481523, 50.209607360556014 ], [ 19.192842703476998, 50.205115958334254 ], [ 19.196870630645364, 50.200610979601095 ], [ 19.204962724898994, 50.200596986050591 ], [ 19.208989131240202, 50.196091585551351 ], [ 19.204924213369139, 50.191600595506912 ], [ 19.208949869438108, 50.18709519027874 ], [ 19.204885721345235, 50.182604190933993 ], [ 19.208910627520449, 50.178098780975638 ], [ 19.204847248814417, 50.173607772331017 ], [ 19.208871405474103, 50.169102357641229 ], [ 19.204808795763824, 50.16461133969721 ], [ 19.208832203285962, 50.160105920274695 ], [ 19.204770362180607, 50.155614893031697 ], [ 19.208793020942931, 50.151109468875219 ], [ 19.204731948051929, 50.146618432333682 ], [ 19.208753858431926, 50.142113003441985 ], [ 19.204693553364965, 50.137621957602391 ], [ 19.20871471573987, 50.133116523974181 ], [ 19.204655178106908, 50.128625468836951 ], [ 19.208675592853712, 50.124120030471005 ], [ 19.204616822264946, 50.119628966036586 ], [ 19.208636489760401, 50.115123522931647 ], [ 19.2045784858263, 50.110632449200473 ], [ 19.208597406446899, 50.106127001355276 ], [ 19.204540168778191, 50.101635918327823 ], [ 19.208558342900183, 50.097130465741117 ], [ 19.204501871107844, 50.092639373417803 ], [ 19.208519299107238, 50.088133916088339 ], [ 19.204463592802508, 50.083642814469627 ], [ 19.208480275055066, 50.079137352396145 ], [ 19.204425333849446, 50.074646241482462 ], [ 19.208441270730678, 50.070140774663734 ], [ 19.204387094235919, 50.065649654455541 ], [ 19.208402286121096, 50.061144182890288 ], [ 19.204348873949204, 50.05665305338804 ], [ 19.196281014640252, 50.056666976129371 ], [ 19.192229111030841, 50.05217541814546 ], [ 19.184161996730356, 50.052188497694679 ], [ 19.180145277724922, 50.056693139373003 ], [ 19.184196435944603, 50.061185116480523 ], [ 19.180178971168132, 50.065689753146891 ], [ 19.184230892572394, 50.070181721229396 ], [ 19.180212681649113, 50.07468635288496 ], [ 19.184265366625194, 50.079178311942073 ], [ 19.180246409179077, 50.083682938587991 ], [ 19.184299858114478, 50.088174888619371 ] ] ], [ [ [ 19.208441270730678, 50.070140774663734 ], [ 19.204425333849446, 50.074646241482462 ], [ 19.208480275055066, 50.079137352396145 ], [ 19.204463592802508, 50.083642814469627 ], [ 19.208519299107241, 50.088133916088339 ], [ 19.204501871107844, 50.092639373417803 ], [ 19.208558342900183, 50.097130465741117 ], [ 19.204540168778191, 50.101635918327823 ], [ 19.208597406446899, 50.106127001355276 ], [ 19.2045784858263, 50.110632449200473 ], [ 19.208636489760401, 50.115123522931647 ], [ 19.204616822264949, 50.119628966036586 ], [ 19.208675592853712, 50.124120030471005 ], [ 19.204655178106908, 50.128625468836951 ], [ 19.20871471573987, 50.133116523974181 ], [ 19.204693553364965, 50.137621957602391 ], [ 19.208753858431926, 50.142113003441985 ], [ 19.204731948051929, 50.146618432333682 ], [ 19.208793020942931, 50.151109468875219 ], [ 19.204770362180607, 50.155614893031697 ], [ 19.208832203285965, 50.160105920274695 ], [ 19.204808795763824, 50.16461133969721 ], [ 19.208871405474103, 50.169102357641229 ], [ 19.204847248814417, 50.173607772331017 ], [ 19.208910627520453, 50.178098780975638 ], [ 19.204885721345235, 50.182604190933993 ], [ 19.208949869438111, 50.18709519027874 ], [ 19.204924213369139, 50.191600595506912 ], [ 19.208989131240202, 50.196091585551351 ], [ 19.217080455324083, 50.196076748959349 ], [ 19.221105341229865, 50.191570927028835 ], [ 19.217039673471653, 50.187080358391945 ], [ 19.221063809875282, 50.182574531864567 ], [ 19.229152843752455, 50.182558857473609 ], [ 19.233175460882471, 50.178052609981592 ], [ 19.241263724225561, 50.17803609335661 ], [ 19.245284822473934, 50.173529425234484 ], [ 19.241218428162338, 50.169039689900373 ], [ 19.245238778824884, 50.164533017443745 ], [ 19.241173155032527, 50.160043272404586 ], [ 19.245192758485956, 50.155536595612034 ], [ 19.241127904821013, 50.151046840868432 ], [ 19.245146761441784, 50.146540159738549 ], [ 19.241082677512683, 50.142050395291115 ], [ 19.245100787677011, 50.137543709822509 ], [ 19.241037473092444, 50.133053935671832 ], [ 19.245054837176291, 50.128547245863068 ], [ 19.240992291545208, 50.124057462009752 ], [ 19.245008909924294, 50.119550767859458 ], [ 19.240947132855908, 50.115060974304072 ], [ 19.244963005905721, 50.110554275810848 ], [ 19.240901997009495, 50.106064472554031 ], [ 19.244917125105253, 50.101557769716457 ], [ 19.240856883990915, 50.097067956758771 ], [ 19.232782259487344, 50.097084426317473 ], [ 19.228723530351417, 50.092594183472229 ], [ 19.232738680877699, 50.088087891256393 ], [ 19.228680718369148, 50.083597638846122 ], [ 19.220608350055475, 50.08361325866381 ], [ 19.216551898385955, 50.079122576834962 ], [ 19.220567070174617, 50.074616695043261 ], [ 19.228637928031176, 50.074601080175682 ], [ 19.232651589744556, 50.070094778998865 ], [ 19.240721681752031, 50.07007832509386 ], [ 19.244733833778998, 50.065571604864942 ], [ 19.240676659894678, 50.061081753109839 ], [ 19.232608077192083, 50.061098201800846 ], [ 19.228552412231181, 50.056607920698752 ], [ 19.220484572998839, 50.056623525671611 ], [ 19.216430416587212, 50.05213281555595 ], [ 19.208363321213355, 50.05214757707504 ], [ 19.204348873949208, 50.05665305338804 ], [ 19.2084022861211, 50.061144182890288 ], [ 19.204387094235919, 50.065649654455541 ], [ 19.208441270730678, 50.070140774663734 ] ] ], [ [ [ 19.205232852858412, 50.26357132710725 ], [ 19.209303943074772, 50.268062242733279 ], [ 19.205271520900691, 50.27256760544681 ], [ 19.209343384429104, 50.277058511768523 ], [ 19.205310208565297, 50.281563869764568 ], [ 19.20938284579972, 50.286054766781547 ], [ 19.205348915865216, 50.290560120061386 ], [ 19.209422327199871, 50.295051007773175 ], [ 19.205387642813452, 50.299556356338066 ], [ 19.209461828642826, 50.304047234744218 ], [ 19.205426389423014, 50.308552578595467 ], [ 19.209501350141856, 50.313043447695549 ], [ 19.205465155706936, 50.317548786834422 ], [ 19.209540891710247, 50.322039646627992 ], [ 19.205503941678245, 50.326544981055775 ], [ 19.209580453361305, 50.331035831542351 ], [ 19.205542747349991, 50.335541161260345 ], [ 19.20962003510834, 50.340032002439528 ], [ 19.205581572735241, 50.344537327448982 ], [ 19.209659636964673, 50.349028159320319 ], [ 19.205620417847058, 50.353533479622548 ], [ 19.209699258943647, 50.358024302185584 ], [ 19.205659282698534, 50.362529617781867 ], [ 19.209738901058603, 50.36702043103616 ], [ 19.20569816730276, 50.37152574192779 ], [ 19.20977856332291, 50.376016545872915 ], [ 19.205737071672846, 50.380521852061158 ], [ 19.209818245749929, 50.385012646696659 ], [ 19.205775995821917, 50.389517948182842 ], [ 19.209857948353061, 50.394008733508265 ], [ 19.205814939763094, 50.398514030293647 ], [ 19.20989767114569, 50.40300480630858 ], [ 19.205853903509531, 50.407510098394461 ], [ 19.209937414141233, 50.412000865098435 ], [ 19.205892887074384, 50.416506152486129 ], [ 19.20997717735311, 50.42099690987871 ], [ 19.205931890470811, 50.42550219256951 ], [ 19.210016960794754, 50.429992940650237 ], [ 19.205970913712004, 50.434498218645437 ], [ 19.210056764479614, 50.438988957413883 ], [ 19.206009956811151, 50.443494230714784 ], [ 19.210096588421148, 50.447984960170515 ], [ 19.206049019781457, 50.452490228778387 ], [ 19.210136432632826, 50.456980948920958 ], [ 19.206088102636137, 50.461486212837158 ], [ 19.210176297128136, 50.465976923666098 ], [ 19.20612720538842, 50.470482182891885 ], [ 19.210216181920568, 50.474972884406796 ], [ 19.206166328051548, 50.479478138943485 ], [ 19.210256087023634, 50.483968831143898 ], [ 19.206205470638771, 50.488474080992795 ], [ 19.210296012450851, 50.492964763878263 ], [ 19.206244633163358, 50.49747000904069 ], [ 19.210335958215758, 50.501960682610786 ], [ 19.206283815638585, 50.50646592308803 ], [ 19.210375924331895, 50.510956587342314 ], [ 19.20632301807774, 50.515461823135681 ], [ 19.210415910812824, 50.519952478073698 ], [ 19.206362240494123, 50.524457709184524 ], [ 19.210455917672114, 50.528948354805827 ], [ 19.218604029489587, 50.528933342873586 ], [ 19.222656914970823, 50.524427690091905 ], [ 19.230804241556228, 50.524411825434058 ], [ 19.234900231679962, 50.528901608514744 ], [ 19.243048321526558, 50.528884886090587 ], [ 19.247098872105806, 50.524378385901343 ], [ 19.243002119115484, 50.519889029530304 ], [ 19.247051907222701, 50.515382525062542 ], [ 19.242955940238531, 50.510893158963128 ], [ 19.247004966260207, 50.506386650215397 ], [ 19.242909784880023, 50.501897274388199 ], [ 19.246958049202401, 50.497390761359036 ], [ 19.242863653024312, 50.492901375804649 ], [ 19.246911156033374, 50.48839485849259 ], [ 19.242817544655747, 50.483905463211642 ], [ 19.246864286737225, 50.479398941615216 ], [ 19.242771459758696, 50.474909536608287 ], [ 19.246817441298067, 50.470403010726052 ], [ 19.242725398317557, 50.465913595993726 ], [ 19.246770619700037, 50.46140706582424 ], [ 19.242679360316718, 50.456917641367141 ], [ 19.246723821927279, 50.452411106908919 ], [ 19.242633345740597, 50.447921672727638 ], [ 19.246677047963953, 50.443415133979244 ], [ 19.242587354573626, 50.438925690074377 ], [ 19.246630297794233, 50.434419147034369 ], [ 19.242541386800248, 50.429929693406514 ], [ 19.246583571402308, 50.42542314607342 ], [ 19.242495442404909, 50.420933682723181 ], [ 19.246536868772385, 50.416427131095567 ], [ 19.242449521372095, 50.41193765802354 ], [ 19.246490189888679, 50.407431102099956 ], [ 19.242403623686283, 50.402941619306752 ], [ 19.24644353473542, 50.398435059085749 ], [ 19.242357749331969, 50.393945566571944 ], [ 19.246396903296862, 50.389439002052079 ], [ 19.242311898293675, 50.384949499818269 ], [ 19.24635029555726, 50.380442930998122 ], [ 19.242266070555925, 50.375953419044926 ], [ 19.246303711500893, 50.371446845923025 ], [ 19.242220266103267, 50.366957324251032 ], [ 19.246257151112051, 50.362450746825942 ], [ 19.242174484920245, 50.357961215435758 ], [ 19.246210614375034, 50.35345463370605 ], [ 19.242128726991439, 50.34896509259827 ], [ 19.246164101274168, 50.344458506562503 ], [ 19.242082992301427, 50.339968955737724 ], [ 19.246117611793782, 50.335462365394463 ], [ 19.242037280834815, 50.330972804853268 ], [ 19.246071145918219, 50.326466210201083 ], [ 19.241991592576206, 50.32197663994409 ], [ 19.24602470363185, 50.317470040981554 ], [ 19.241945927510237, 50.312980461009346 ], [ 19.245978284919047, 50.308473857734988 ], [ 19.241900285621536, 50.303984268048197 ], [ 19.245931889764197, 50.299477660460624 ], [ 19.241854666894771, 50.294988061059826 ], [ 19.245885518151709, 50.290481449157589 ], [ 19.241809071314599, 50.28599184004338 ], [ 19.245839170065999, 50.281485223825072 ], [ 19.241763498865708, 50.276995604998042 ], [ 19.245792845491501, 50.272488984462221 ], [ 19.241717949532795, 50.267999355922981 ], [ 19.245746544412661, 50.263492731068233 ], [ 19.241672423300571, 50.259003092817373 ], [ 19.245700266813941, 50.254496463642283 ], [ 19.241626920153756, 50.250006815680401 ], [ 19.233526481096412, 50.250023374275152 ], [ 19.229497863517995, 50.254529586086043 ], [ 19.221396650782424, 50.254545300307797 ], [ 19.217325580942752, 50.250054797732524 ], [ 19.221354971812698, 50.245549003355507 ], [ 19.217284674877909, 50.241058491341377 ], [ 19.221313313972679, 50.236552692375405 ], [ 19.21724378954935, 50.232062170922902 ], [ 19.209146377555697, 50.23207702635333 ], [ 19.205116966335822, 50.236582407949548 ], [ 19.209185738977162, 50.241073351485824 ], [ 19.205155575588936, 50.245578728359455 ], [ 19.209225120362024, 50.25006966259275 ], [ 19.205194204425482, 50.254575034745081 ], [ 19.209264521723487, 50.259065959674963 ], [ 19.205232852858412, 50.26357132710725 ] ] ], [ [ [ 19.241127904821013, 50.151046840868432 ], [ 19.24519275848596, 50.155536595612034 ], [ 19.241173155032527, 50.160043272404586 ], [ 19.245238778824884, 50.164533017443745 ], [ 19.253324753151698, 50.164515664359214 ], [ 19.257343586093615, 50.160008571738544 ], [ 19.253277215476324, 50.15551924802967 ], [ 19.257295301977408, 50.151012151204682 ], [ 19.253229701863734, 50.146522817656312 ], [ 19.257247042299934, 50.142015716625529 ], [ 19.265329212610119, 50.141997533649679 ], [ 19.269345037253434, 50.137490013051988 ], [ 19.265279461945934, 50.133001090788937 ], [ 19.257198807045086, 50.133019268000311 ], [ 19.253134746763465, 50.128529914774894 ], [ 19.257150596196777, 50.124022805328188 ], [ 19.253087305244108, 50.119533442265237 ], [ 19.245008909924298, 50.119550767859458 ], [ 19.240992291545208, 50.124057462009752 ], [ 19.245054837176291, 50.128547245863068 ], [ 19.241037473092444, 50.133053935671832 ], [ 19.245100787677011, 50.137543709822509 ], [ 19.241082677512683, 50.142050395291115 ], [ 19.245146761441784, 50.146540159738549 ], [ 19.241127904821013, 50.151046840868432 ] ] ], [ [ [ 19.241763498865708, 50.276995604998042 ], [ 19.245839170066002, 50.281485223825072 ], [ 19.241809071314599, 50.28599184004338 ], [ 19.245885518151709, 50.290481449157589 ], [ 19.241854666894771, 50.294988061059826 ], [ 19.245931889764197, 50.299477660460624 ], [ 19.24190028562154, 50.303984268048197 ], [ 19.245978284919047, 50.308473857734988 ], [ 19.241945927510237, 50.312980461009346 ], [ 19.246024703631853, 50.317470040981554 ], [ 19.241991592576206, 50.32197663994409 ], [ 19.246071145918222, 50.326466210201083 ], [ 19.242037280834815, 50.330972804853268 ], [ 19.246117611793782, 50.335462365394463 ], [ 19.242082992301427, 50.339968955737724 ], [ 19.246164101274168, 50.344458506562503 ], [ 19.242128726991439, 50.34896509259827 ], [ 19.246210614375034, 50.35345463370605 ], [ 19.242174484920245, 50.357961215435758 ], [ 19.246257151112051, 50.362450746825942 ], [ 19.242220266103267, 50.366957324251032 ], [ 19.246303711500893, 50.371446845923025 ], [ 19.242266070555928, 50.375953419044926 ], [ 19.24635029555726, 50.380442930998122 ], [ 19.242311898293675, 50.384949499818269 ], [ 19.246396903296862, 50.389439002052079 ], [ 19.242357749331973, 50.393945566571944 ], [ 19.246443534735423, 50.398435059085749 ], [ 19.242403623686283, 50.402941619306752 ], [ 19.246490189888679, 50.407431102099956 ], [ 19.242449521372095, 50.41193765802354 ], [ 19.246536868772385, 50.416427131095567 ], [ 19.242495442404909, 50.420933682723181 ], [ 19.246583571402311, 50.42542314607342 ], [ 19.242541386800248, 50.429929693406514 ], [ 19.246630297794233, 50.434419147034369 ], [ 19.242587354573626, 50.438925690074377 ], [ 19.246677047963953, 50.443415133979244 ], [ 19.2426333457406, 50.447921672727638 ], [ 19.246723821927279, 50.452411106908919 ], [ 19.242679360316718, 50.456917641367141 ], [ 19.246770619700037, 50.46140706582424 ], [ 19.242725398317557, 50.465913595993726 ], [ 19.246817441298067, 50.470403010726052 ], [ 19.242771459758696, 50.474909536608287 ], [ 19.246864286737225, 50.479398941615216 ], [ 19.242817544655747, 50.483905463211642 ], [ 19.246911156033374, 50.48839485849259 ], [ 19.242863653024312, 50.492901375804649 ], [ 19.246958049202401, 50.497390761359036 ], [ 19.242909784880027, 50.501897274388199 ], [ 19.247004966260207, 50.506386650215397 ], [ 19.242955940238531, 50.510893158963128 ], [ 19.247051907222701, 50.515382525062542 ], [ 19.243002119115484, 50.519889029530304 ], [ 19.247098872105809, 50.524378385901343 ], [ 19.243048321526558, 50.528884886090587 ], [ 19.247145860925475, 50.533374232732655 ], [ 19.255294713630811, 50.533356652272722 ], [ 19.25939380269179, 50.537845562136091 ], [ 19.267543417852902, 50.53782712337096 ], [ 19.27159239403602, 50.533319780603996 ], [ 19.267492542914123, 50.528831297854708 ], [ 19.271540757431136, 50.524323951079325 ], [ 19.267441693893502, 50.519835458325979 ], [ 19.271489147130357, 50.515328107540618 ], [ 19.267390870773767, 50.510839604783925 ], [ 19.271437563116169, 50.506332249987018 ], [ 19.267340073537671, 50.501843737227674 ], [ 19.271386005371067, 50.497336378417657 ], [ 19.267289302167992, 50.492847855656372 ], [ 19.271334473877566, 50.488340492831696 ], [ 19.267238556647506, 50.483851960069174 ], [ 19.271282968618198, 50.479344593228262 ], [ 19.26718783695901, 50.474856050465213 ], [ 19.271231489575506, 50.470348679606523 ], [ 19.267137143085328, 50.465860126843616 ], [ 19.271180036732051, 50.461352751965613 ], [ 19.267086475009283, 50.456864189203579 ], [ 19.271128610070413, 50.452356810304678 ], [ 19.267035832713724, 50.447868237544228 ], [ 19.271077209573185, 50.443360854622874 ], [ 19.266985216181517, 50.438872271864689 ], [ 19.271025835222972, 50.434364884919361 ], [ 19.266934625395539, 50.429876292164167 ], [ 19.270974487002409, 50.425368901193288 ], [ 19.266884060338679, 50.420880298441759 ], [ 19.270923164894128, 50.416372903443794 ], [ 19.266833520993853, 50.411884290696662 ], [ 19.270871868880793, 50.407376891670054 ], [ 19.266783007343978, 50.402888268928017 ], [ 19.270820598945068, 50.398380865871232 ], [ 19.266732519372006, 50.39389223313497 ], [ 19.270769355069653, 50.389384826046467 ], [ 19.266682057060887, 50.384896183316705 ], [ 19.270718137237242, 50.38038877219492 ], [ 19.266631620393593, 50.375900119472369 ], [ 19.27066694543057, 50.371392704315788 ], [ 19.266581209353109, 50.36690404160111 ], [ 19.270615779632358, 50.362396622408184 ], [ 19.266530823922444, 50.35790794970211 ], [ 19.270564639825363, 50.353400526471304 ], [ 19.266480464084609, 50.348911843774538 ], [ 19.27051352599236, 50.34440441650429 ], [ 19.266430129822648, 50.339915723817548 ], [ 19.270462438116123, 50.335408292506344 ], [ 19.266379821119603, 50.330919589830287 ], [ 19.270411376179457, 50.326412154476621 ], [ 19.266329537958541, 50.321923441811975 ], [ 19.270360340165173, 50.317416002414255 ], [ 19.266279280322543, 50.31292727976173 ], [ 19.270309330056104, 50.308419836318457 ], [ 19.266229048194703, 50.303931103678764 ], [ 19.270258345835092, 50.299423656188416 ], [ 19.266178841558133, 50.294934913562216 ], [ 19.270207387485009, 50.290427462023253 ], [ 19.266128660395964, 50.285938709411276 ], [ 19.270156454988726, 50.281431253822177 ], [ 19.266078504691333, 50.276942491225114 ], [ 19.270105548329134, 50.272435031584351 ], [ 19.2660283744274, 50.267946259002919 ], [ 19.270054667489145, 50.263438795308964 ], [ 19.265978269587336, 50.258950012743846 ], [ 19.270003812451684, 50.254442544995186 ], [ 19.265928190154327, 50.249953752447084 ], [ 19.257827774940505, 50.249972004765048 ], [ 19.253801456858554, 50.254479055422777 ], [ 19.245700266813941, 50.254496463642283 ], [ 19.241672423300571, 50.259003092817373 ], [ 19.245746544412661, 50.263492731068233 ], [ 19.241717949532799, 50.267999355922981 ], [ 19.245792845491501, 50.272488984462221 ], [ 19.241763498865708, 50.276995604998042 ] ] ], [ [ [ 19.266078504691333, 50.276942491225114 ], [ 19.270156454988726, 50.281431253822177 ], [ 19.266128660395964, 50.285938709411276 ], [ 19.270207387485009, 50.290427462023253 ], [ 19.266178841558137, 50.294934913562216 ], [ 19.270258345835096, 50.299423656188416 ], [ 19.266229048194703, 50.303931103678764 ], [ 19.270309330056104, 50.308419836318457 ], [ 19.266279280322543, 50.31292727976173 ], [ 19.270360340165173, 50.317416002414255 ], [ 19.266329537958541, 50.321923441811975 ], [ 19.270411376179457, 50.326412154476621 ], [ 19.266379821119603, 50.330919589830287 ], [ 19.270462438116123, 50.335408292506344 ], [ 19.266430129822648, 50.339915723817548 ], [ 19.27051352599236, 50.34440441650429 ], [ 19.266480464084612, 50.348911843774538 ], [ 19.270564639825366, 50.353400526471304 ], [ 19.266530823922444, 50.35790794970211 ], [ 19.270615779632358, 50.362396622408184 ], [ 19.266581209353109, 50.36690404160111 ], [ 19.27066694543057, 50.371392704315788 ], [ 19.266631620393593, 50.375900119472369 ], [ 19.270718137237246, 50.38038877219492 ], [ 19.266682057060887, 50.384896183316705 ], [ 19.270769355069653, 50.389384826046467 ], [ 19.26673251937201, 50.39389223313497 ], [ 19.270820598945068, 50.398380865871232 ], [ 19.266783007343978, 50.402888268928017 ], [ 19.270871868880793, 50.407376891670054 ], [ 19.266833520993853, 50.411884290696662 ], [ 19.270923164894128, 50.416372903443794 ], [ 19.266884060338679, 50.420880298441759 ], [ 19.270974487002409, 50.425368901193288 ], [ 19.266934625395539, 50.429876292164167 ], [ 19.271025835222975, 50.434364884919361 ], [ 19.266985216181517, 50.438872271864689 ], [ 19.271077209573185, 50.443360854622874 ], [ 19.267035832713724, 50.447868237544228 ], [ 19.271128610070413, 50.452356810304678 ], [ 19.267086475009283, 50.456864189203579 ], [ 19.271180036732051, 50.461352751965613 ], [ 19.267137143085328, 50.465860126843616 ], [ 19.271231489575506, 50.470348679606523 ], [ 19.26718783695901, 50.474856050465213 ], [ 19.271282968618198, 50.479344593228262 ], [ 19.267238556647506, 50.483851960069174 ], [ 19.271334473877566, 50.488340492831696 ], [ 19.267289302167992, 50.492847855656372 ], [ 19.271386005371067, 50.497336378417657 ], [ 19.267340073537675, 50.501843737227674 ], [ 19.271437563116169, 50.506332249987018 ], [ 19.267390870773767, 50.510839604783925 ], [ 19.271489147130357, 50.515328107540618 ], [ 19.267441693893502, 50.519835458325979 ], [ 19.271540757431136, 50.524323951079325 ], [ 19.267492542914123, 50.528831297854708 ], [ 19.271592394036023, 50.533319780603996 ], [ 19.279741221209424, 50.53330048939803 ], [ 19.283842621976369, 50.537788534826326 ], [ 19.291992210412083, 50.537768385049766 ], [ 19.296038848181656, 50.533260196250325 ], [ 19.291936686547245, 50.528772578202961 ], [ 19.295982563844152, 50.524264385663443 ], [ 19.291881190968862, 50.519776757336629 ], [ 19.295926308178263, 50.515268561055336 ], [ 19.291825723658093, 50.510780922449911 ], [ 19.295870081164885, 50.506272722425201 ], [ 19.291770284596108, 50.501785073541932 ], [ 19.283626889969799, 50.501805197715328 ], [ 19.279528640276272, 50.49731711172322 ], [ 19.283573025619209, 50.492809328390521 ], [ 19.279475562686027, 50.488321232259345 ], [ 19.283519188692484, 50.483813445045186 ], [ 19.279422512116991, 50.479325338775695 ], [ 19.283465379171378, 50.474817547678448 ], [ 19.279369488551175, 50.470329431271402 ], [ 19.283411597037656, 50.465821636289476 ], [ 19.291548810460192, 50.465801537680548 ], [ 19.295589375218636, 50.46129331891386 ], [ 19.2914935123604, 50.45680561865359 ], [ 19.295533319720338, 50.452297396133531 ], [ 19.291438242396815, 50.447809685600284 ], [ 19.295477292741374, 50.443301459325191 ], [ 19.291383000550738, 50.438813738519791 ], [ 19.295421294262798, 50.434305508488038 ], [ 19.291327786803478, 50.429817777411273 ], [ 19.295365324265667, 50.425309543621211 ], [ 19.291272601136367, 50.420821802273885 ], [ 19.295309382731059, 50.416313564723836 ], [ 19.291217443530755, 50.411825813106788 ], [ 19.295253469640073, 50.407317571795126 ], [ 19.291162313968005, 50.402829809909157 ], [ 19.295197584973817, 50.398321564834234 ], [ 19.291107212429498, 50.393833792680113 ], [ 19.295141728713432, 50.389325543840293 ], [ 19.291052138896635, 50.384837761418858 ], [ 19.295085900840053, 50.380329508812494 ], [ 19.290997093350832, 50.375841716124562 ], [ 19.295030101334859, 50.371333459750012 ], [ 19.290942075773522, 50.366845656796343 ], [ 19.294974330179024, 50.362337396651988 ], [ 19.290887086146153, 50.357849583433421 ], [ 19.294918587353752, 50.353341319517604 ], [ 19.290832124450194, 50.348853496034948 ], [ 19.294862872840259, 50.344345228346029 ], [ 19.290777190667129, 50.339857394600095 ], [ 19.294807186619774, 50.335349123136439 ], [ 19.290722284778457, 50.330861279128015 ], [ 19.294751528673551, 50.326353003888023 ], [ 19.290667406765699, 50.321865149617913 ], [ 19.294695898982862, 50.317356870599916 ], [ 19.290612556610387, 50.312869006068944 ], [ 19.294640297528993, 50.308360723271321 ], [ 19.290557734294072, 50.303872848480282 ], [ 19.294584724293237, 50.299364561901413 ], [ 19.290502939798323, 50.294876676851111 ], [ 19.294529179256923, 50.290368386489369 ], [ 19.290448173104725, 50.285880491180613 ], [ 19.294473662401387, 50.281372197034365 ], [ 19.290393434194879, 50.276884291467972 ], [ 19.294418173707975, 50.272375993535604 ], [ 19.290338723050411, 50.267888077712357 ], [ 19.294362713158069, 50.263379775992227 ], [ 19.290284039652942, 50.258891849912935 ], [ 19.294307280733047, 50.25438354440346 ], [ 19.29022938398413, 50.249895608068933 ], [ 19.282128994933927, 50.249915554097591 ], [ 19.278104977484457, 50.254423442789879 ], [ 19.270003812451684, 50.254442544995186 ], [ 19.265978269587336, 50.258950012743846 ], [ 19.270054667489148, 50.263438795308964 ], [ 19.2660283744274, 50.267946259002919 ], [ 19.270105548329134, 50.272435031584351 ], [ 19.266078504691333, 50.276942491225114 ] ] ], [ [ [ 19.294584724293237, 50.299364561901413 ], [ 19.290557734294076, 50.303872848480282 ], [ 19.294640297528993, 50.308360723271321 ], [ 19.290612556610387, 50.312869006068944 ], [ 19.294695898982862, 50.317356870599909 ], [ 19.290667406765703, 50.321865149617913 ], [ 19.294751528673551, 50.326353003888023 ], [ 19.290722284778457, 50.330861279128015 ], [ 19.294807186619774, 50.335349123136439 ], [ 19.290777190667132, 50.339857394600095 ], [ 19.294862872840259, 50.344345228346029 ], [ 19.290832124450194, 50.348853496034948 ], [ 19.294918587353752, 50.353341319517604 ], [ 19.290887086146153, 50.357849583433421 ], [ 19.294974330179027, 50.362337396651988 ], [ 19.290942075773522, 50.366845656796343 ], [ 19.295030101334859, 50.371333459750012 ], [ 19.290997093350832, 50.375841716124562 ], [ 19.295085900840057, 50.380329508812494 ], [ 19.291052138896635, 50.384837761418858 ], [ 19.295141728713432, 50.389325543840293 ], [ 19.291107212429498, 50.393833792680113 ], [ 19.29519758497382, 50.398321564834234 ], [ 19.291162313968005, 50.402829809909157 ], [ 19.295253469640073, 50.407317571795126 ], [ 19.303380651291064, 50.407296663078206 ], [ 19.307415138778126, 50.402787999116192 ], [ 19.315541536519312, 50.402766242290348 ], [ 19.31957448578499, 50.398257156015525 ], [ 19.32770009923528, 50.398234551354236 ], [ 19.331731510680701, 50.393725043104062 ], [ 19.327638093217047, 50.389238557991028 ], [ 19.331668751904466, 50.384729046374716 ], [ 19.327576118711082, 50.38024255058356 ], [ 19.331606025020566, 50.375733035599325 ], [ 19.327514175696482, 50.371246529131 ], [ 19.33154333000784, 50.366737010777037 ], [ 19.327452264152356, 50.362250493632523 ], [ 19.331480666845152, 50.357740971907063 ], [ 19.327390384057836, 50.353254444087312 ], [ 19.33141803551139, 50.348744918988558 ], [ 19.327328535392059, 50.344258380494523 ], [ 19.331355435985444, 50.339748852020698 ], [ 19.327266718134215, 50.335262302853366 ], [ 19.331292868246241, 50.330752771002672 ], [ 19.32720493226347, 50.326266211162995 ], [ 19.331230332272714, 50.321756675933678 ], [ 19.327143177759041, 50.317270105422601 ], [ 19.331167828043824, 50.312760566812877 ], [ 19.327081454600155, 50.308273985631374 ], [ 19.331105355538547, 50.303764443639452 ], [ 19.327019762766053, 50.299277851788503 ], [ 19.331042914735882, 50.294768306412614 ], [ 19.326958102235995, 50.290281703893157 ], [ 19.330980505614843, 50.285772155131532 ], [ 19.326896472989265, 50.281285541944513 ], [ 19.330918128154462, 50.276775989795397 ], [ 19.326834875005165, 50.272289365941809 ], [ 19.330855782333799, 50.267779810403404 ], [ 19.326773308263018, 50.263293175884186 ], [ 19.330793468131922, 50.258783616954744 ], [ 19.326711772742154, 50.254296971770856 ], [ 19.318610664695548, 50.254319461907443 ], [ 19.31453049468297, 50.249832382585687 ], [ 19.306430134116436, 50.249854022311396 ], [ 19.302408418433128, 50.254362748225383 ], [ 19.294307280733047, 50.25438354440346 ], [ 19.290284039652942, 50.258891849912935 ], [ 19.294362713158069, 50.263379775992227 ], [ 19.290338723050411, 50.267888077712357 ], [ 19.294418173707978, 50.272375993535604 ], [ 19.290393434194883, 50.276884291467972 ], [ 19.294473662401387, 50.281372197034365 ], [ 19.290448173104728, 50.285880491180613 ], [ 19.294529179256923, 50.290368386489369 ], [ 19.290502939798323, 50.294876676851111 ], [ 19.294584724293237, 50.299364561901413 ] ] ], [ [ [ 19.291272601136367, 50.420821802273885 ], [ 19.295365324265667, 50.425309543621211 ], [ 19.303495584726587, 50.425288621617028 ], [ 19.307531582000752, 50.420779964911446 ], [ 19.303438103395571, 50.416292649364536 ], [ 19.295309382731059, 50.416313564723836 ], [ 19.291272601136367, 50.420821802273885 ] ] ], [ [ [ 19.291383000550738, 50.438813738519791 ], [ 19.295477292741374, 50.443301459325191 ], [ 19.30361063514583, 50.443280524023756 ], [ 19.307648143734525, 50.438771874567834 ], [ 19.303553095303524, 50.434284579836479 ], [ 19.295421294262798, 50.434305508488038 ], [ 19.291383000550738, 50.438813738519791 ] ] ], [ [ [ 19.316380745321023, 50.528708727175896 ], [ 19.320424284242357, 50.524199689694832 ], [ 19.316320603241405, 50.519712926602779 ], [ 19.308174142344701, 50.519734773483016 ], [ 19.304072009776394, 50.51524757246429 ], [ 19.295926308178263, 50.515268561055336 ], [ 19.291881190968862, 50.519776757336629 ], [ 19.295982563844156, 50.524264385663443 ], [ 19.291936686547245, 50.528772578202961 ], [ 19.296038848181656, 50.533260196250325 ], [ 19.304187647454029, 50.533239194311669 ], [ 19.308232735597148, 50.528730581001753 ], [ 19.316380745321023, 50.528708727175896 ] ] ], [ [ [ 19.339086941490041, 50.285748792086665 ], [ 19.343172502193056, 50.290234970388383 ], [ 19.339150879076289, 50.294744935951563 ], [ 19.343237220429234, 50.299231103448598 ], [ 19.339214849120037, 50.303741065759468 ], [ 19.343301971521726, 50.308227222450768 ], [ 19.339278851642785, 50.312737181511125 ], [ 19.343366755492294, 50.317223327395723 ], [ 19.339342886666056, 50.321733283207394 ], [ 19.343431572362729, 50.326219418284253 ], [ 19.33940695421138, 50.330729370849077 ], [ 19.343496422154832, 50.335215495117183 ], [ 19.339471054300319, 50.339725444436979 ], [ 19.343561304890425, 50.344211557895314 ], [ 19.33953518695445, 50.34872150397193 ], [ 19.343626220591361, 50.353207606619506 ], [ 19.339599352195364, 50.357717549454726 ], [ 19.343691169279495, 50.362203641290499 ], [ 19.339663550044683, 50.366713580886213 ], [ 19.343756150976716, 50.371199661909181 ], [ 19.339727780524044, 50.375709598267193 ], [ 19.343821165704934, 50.380195668476333 ], [ 19.339792043655098, 50.384705601598483 ], [ 19.343886213486066, 50.389191660992807 ], [ 19.339856339459523, 50.393701590880923 ], [ 19.343951294342059, 50.398187639459387 ], [ 19.352076875477341, 50.398163332229416 ], [ 19.35610596406158, 50.393652984140779 ], [ 19.364230759363792, 50.393627829627491 ], [ 19.368258310551376, 50.389117060443525 ], [ 19.376382319641252, 50.389091058920805 ], [ 19.380408333834577, 50.384579868978747 ], [ 19.376311125398942, 50.380095098347986 ], [ 19.38033638957959, 50.375583905569513 ], [ 19.388458075877168, 50.375557065836006 ], [ 19.39248180424693, 50.371045452768278 ], [ 19.400602703977953, 50.371017766841774 ], [ 19.404701410877514, 50.375501685191168 ], [ 19.412823059059971, 50.375473144284058 ], [ 19.416844464687344, 50.370960694090549 ], [ 19.412745009726443, 50.366477201976274 ], [ 19.41676566768253, 50.361964749340935 ], [ 19.424884993148563, 50.361935371850429 ], [ 19.428985195390741, 50.366418437666823 ], [ 19.437105267748091, 50.366388205207372 ], [ 19.441123603014667, 50.361874916531058 ], [ 19.449242886894964, 50.361843838706825 ], [ 19.453345370213334, 50.366326039690598 ], [ 19.461465399801302, 50.366294106637994 ], [ 19.465481411250664, 50.361779982741091 ], [ 19.473600651206315, 50.36174720460447 ], [ 19.477705414388108, 50.366228539956587 ], [ 19.485825398867036, 50.366194906332765 ], [ 19.489839085373855, 50.361679948036233 ], [ 19.485733578058589, 50.357199039567767 ], [ 19.489746520821686, 50.352684079620047 ], [ 19.497864180388664, 50.35264961213916 ], [ 19.501875589416205, 50.348134234670916 ], [ 19.497770129502285, 50.343653740548774 ], [ 19.489654003281423, 50.34368819708817 ], [ 19.485550076324255, 50.339207263697233 ], [ 19.489561532721901, 50.334692300439855 ], [ 19.485458395336568, 50.330211354590141 ], [ 19.489469109111994, 50.325696389674334 ], [ 19.485366760894049, 50.321215431367499 ], [ 19.477254441279101, 50.32124901164272 ], [ 19.47315362408861, 50.316767614681929 ], [ 19.465042047126417, 50.316800340828316 ], [ 19.460942760589887, 50.31231850555087 ], [ 19.452831926683853, 50.312350377833191 ], [ 19.44881884890469, 50.316864095510269 ], [ 19.440707228163184, 50.316895124040983 ], [ 19.436692619701059, 50.32140842363652 ], [ 19.428580212498499, 50.321438608141811 ], [ 19.424483944713991, 50.316955483470061 ], [ 19.416372282524353, 50.316984814363828 ], [ 19.412277545450262, 50.312501252448016 ], [ 19.416293725280475, 50.307988785117018 ], [ 19.412199773113585, 50.303505211572279 ], [ 19.416215207904159, 50.298992741784573 ], [ 19.412122040243105, 50.294509156612207 ], [ 19.404014182585446, 50.294537616087574 ], [ 19.399922543706825, 50.290053594284025 ], [ 19.40393801754966, 50.285541538011408 ], [ 19.399847162000228, 50.281057504719321 ], [ 19.391741577427652, 50.28108510289541 ], [ 19.387652249510229, 50.276600633446627 ], [ 19.391667761203994, 50.272088990492541 ], [ 19.38757921544066, 50.267604509694081 ], [ 19.379475902828158, 50.267631247380642 ], [ 19.375388883547142, 50.263146330899595 ], [ 19.36728631604942, 50.263172217118665 ], [ 19.363200822875566, 50.258686865291473 ], [ 19.355099000891386, 50.258711900308249 ], [ 19.351081146220356, 50.263222295096512 ], [ 19.342978544405049, 50.263246486851457 ], [ 19.338959163604159, 50.267756462182547 ], [ 19.34304316420268, 50.272242662090619 ], [ 19.339023036339817, 50.276752634163934 ], [ 19.343107816791445, 50.281238823269327 ], [ 19.339086941490041, 50.285748792086665 ] ] ], [ [ [ 19.326958102235995, 50.290281703893157 ], [ 19.331042914735882, 50.294768306412614 ], [ 19.327019762766053, 50.299277851788503 ], [ 19.331105355538551, 50.303764443639452 ], [ 19.327081454600158, 50.308273985631374 ], [ 19.331167828043824, 50.312760566812877 ], [ 19.327143177759044, 50.317270105422601 ], [ 19.331230332272714, 50.321756675933678 ], [ 19.32720493226347, 50.326266211162995 ], [ 19.331292868246241, 50.330752771002672 ], [ 19.327266718134215, 50.335262302853366 ], [ 19.331355435985447, 50.339748852020698 ], [ 19.327328535392063, 50.344258380494523 ], [ 19.33141803551139, 50.348744918988558 ], [ 19.327390384057836, 50.353254444087312 ], [ 19.331480666845156, 50.357740971907063 ], [ 19.327452264152356, 50.362250493632523 ], [ 19.33154333000784, 50.366737010777037 ], [ 19.327514175696486, 50.371246529131 ], [ 19.331606025020566, 50.375733035599325 ], [ 19.327576118711086, 50.38024255058356 ], [ 19.331668751904466, 50.384729046374716 ], [ 19.327638093217047, 50.389238557991028 ], [ 19.331731510680701, 50.393725043104062 ], [ 19.32770009923528, 50.398234551354236 ], [ 19.331794301370451, 50.402721025788182 ], [ 19.339920667959014, 50.402697566115329 ], [ 19.343951294342059, 50.398187639459387 ], [ 19.339856339459523, 50.393701590880923 ], [ 19.343886213486066, 50.389191660992807 ], [ 19.339792043655098, 50.384705601598483 ], [ 19.343821165704934, 50.380195668476333 ], [ 19.339727780524044, 50.375709598267193 ], [ 19.343756150976716, 50.371199661909181 ], [ 19.339663550044683, 50.366713580886213 ], [ 19.343691169279495, 50.362203641290499 ], [ 19.339599352195364, 50.357717549454726 ], [ 19.343626220591361, 50.353207606619506 ], [ 19.33953518695445, 50.34872150397193 ], [ 19.343561304890425, 50.344211557895314 ], [ 19.339471054300319, 50.339725444436979 ], [ 19.343496422154832, 50.335215495117183 ], [ 19.33940695421138, 50.330729370849077 ], [ 19.343431572362729, 50.326219418284253 ], [ 19.339342886666056, 50.321733283207394 ], [ 19.343366755492294, 50.317223327395723 ], [ 19.339278851642785, 50.312737181511125 ], [ 19.343301971521726, 50.308227222450768 ], [ 19.339214849120037, 50.303741065759468 ], [ 19.343237220429234, 50.299231103448598 ], [ 19.339150879076286, 50.294744935951563 ], [ 19.343172502193056, 50.290234970388383 ], [ 19.339086941490038, 50.285748792086665 ], [ 19.343107816791445, 50.281238823269327 ], [ 19.339023036339817, 50.276752634163934 ], [ 19.34304316420268, 50.272242662090619 ], [ 19.338959163604155, 50.267756462182547 ], [ 19.342978544405049, 50.263246486851457 ], [ 19.338895323261625, 50.258760276141714 ], [ 19.330793468131922, 50.258783616954744 ], [ 19.326773308263018, 50.263293175884186 ], [ 19.330855782333799, 50.267779810403404 ], [ 19.326834875005169, 50.272289365941809 ], [ 19.330918128154462, 50.276775989795397 ], [ 19.326896472989265, 50.281285541944513 ], [ 19.330980505614843, 50.285772155131532 ], [ 19.326958102235995, 50.290281703893157 ] ] ] ] } }
]
}
